,13,14,15,16,17,18,19,20,21,22,23,24,25,26,27,28,29
2_0_0_4,747.91,0.0,55160.55,5965.33,1623.75,196276.11,380746.87,29.42,101821.32,107690.48,88585.63,13235.7,45.13,87.0,66219.04,36381.45,29837.59
2_0_0_5,0.0,76.21,23337.73,4945.1,11583.18,77454.01,185774.15,26.66,48766.03,48432.6,29021.41,19744.62,37.47,59.51,28235.32,18397.06,9838.26
2_0_1_4,350.2,0.0,71108.89,6630.02,1623.75,212491.43,385601.7,31.63,102315.21,121279.66,91211.77,11103.44,42.92,89.15,71773.01,41036.45,30736.56
2_0_1_5,0.0,10.19,32562.74,6559.5,11517.16,88293.41,188290.07,28.83,49132.63,56286.46,32006.96,17125.67,36.25,65.14,31880.85,21033.06,10847.78
2_0_2_4,310.25,0.0,74015.36,6745.0,1623.75,215472.92,386838.33,31.96,102486.65,123754.28,91718.64,10768.01,42.57,89.49,72782.82,41870.19,30912.63
2_0_2_5,0.0,7.42,34145.0,6828.02,11514.39,90144.2,188933.92,29.16,49248.14,57587.55,32556.65,16691.49,36.12,66.11,32496.35,21464.76,11031.59
2_0_3_4,271.05,0.0,73924.7,6746.43,1623.75,215344.5,385400.89,31.97,102131.88,123880.89,91463.61,10668.27,42.47,89.55,72715.54,41891.8,30823.74
2_0_3_5,0.0,3.81,34135.4,6834.25,11510.78,90140.84,188209.38,29.18,49051.47,57633.62,32507.22,16544.25,36.06,66.27,32481.79,21471.02,11010.77
2_0_4_4,281.75,0.0,73943.4,6757.27,1623.75,215384.74,387132.32,31.96,102553.76,123610.27,91774.47,10779.29,42.61,89.49,72750.72,41816.94,30933.78
2_0_4_5,0.0,4.46,34074.8,6817.37,11511.43,90063.35,189094.87,29.16,49290.97,57477.19,32586.15,16704.82,36.18,66.11,32468.27,21425.94,11042.32
2_0_5_4,374.17,0.0,71666.96,6622.49,1623.75,213065.94,382101.42,31.55,101359.81,122437.84,90628.09,10731.72,42.54,89.41,71946.85,41390.23,30556.63
2_0_5_5,0.0,18.19,32698.52,6585.17,11525.16,88454.87,186381.53,28.78,48557.65,56445.96,32008.9,16548.75,36.19,65.92,31926.22,21078.67,10847.56
2_0_6_4,316.32,0.0,76771.09,6832.89,1623.75,218322.61,383325.57,32.17,101427.27,127165.06,91157.55,10269.73,41.75,89.87,73745.22,43008.85,30736.37
2_0_6_5,0.0,11.6,35527.44,7053.4,11518.57,91752.03,187053.21,29.39,48632.92,58934.68,32817.34,15815.58,35.77,67.48,33033.58,21913.59,11119.99
2_0_7_4,274.32,0.0,82018.39,7058.89,1623.75,223753.91,385487.56,32.72,101761.84,131817.6,91936.31,9825.53,41.09,90.34,75601.61,44605.31,30996.3
2_0_7_5,0.0,7.78,38308.63,7511.13,11514.75,94990.94,188214.08,29.93,48861.59,61331.37,33659.57,15202.01,35.43,68.89,34116.84,22716.01,11400.83
2_0_8_4,266.76,0.0,86451.23,7203.1,1623.75,228323.41,387458.85,33.1,102119.58,135738.5,92584.9,9534.68,40.55,90.66,77140.44,45927.47,31212.97
2_0_8_5,0.0,7.74,40533.23,7881.44,11514.71,97585.86,189279.37,30.3,49096.53,63260.78,34325.08,14771.46,35.17,69.91,34973.83,23353.47,11620.36
2_0_9_4,385.99,0.0,73056.84,6710.18,1623.75,214555.33,380673.71,31.81,100866.93,124114.68,90440.65,10426.28,42.15,89.66,72465.64,41979.06,30486.58
2_0_9_5,0.0,19.8,33520.59,6699.35,11526.77,89391.12,185669.45,29.05,48295.67,57182.87,32208.25,16087.42,36.03,66.69,32245.84,21331.41,10914.43
2_0_10_4,308.13,0.0,83308.8,7091.71,1623.75,225110.96,384035.12,32.88,101300.88,133410.74,91700.22,9600.67,40.74,90.52,76066.73,45142.63,30924.1
2_0_10_5,0.0,12.15,38969.91,7603.98,11519.12,95745.07,187368.75,30.1,48578.94,62025.08,33719.99,14858.95,35.22,69.41,34369.85,22946.98,11422.87
2_0_11_4,201.24,0.0,95699.82,7536.16,1623.75,237839.54,388950.01,34.05,102122.52,144556.98,93282.57,8839.96,39.22,91.34,80396.4,48932.09,31464.31
2_0_11_5,0.0,2.14,44935.48,8571.0,11509.11,102677.66,189962.33,31.23,49112.13,67343.21,35334.45,13777.68,34.41,71.95,36666.39,24704.32,11962.07
2_0_12_4,117.87,0.0,110767.0,8033.92,1623.76,253321.11,393008.88,35.36,102678.68,158628.51,94692.6,7986.08,37.38,92.22,85661.51,53722.95,31938.55
2_0_12_5,0.0,0.0,51207.92,9536.78,11506.97,109915.88,192104.09,32.51,49496.51,73162.21,36753.66,12742.85,33.44,74.26,39050.26,26617.55,12432.71
2_1_0_4,6627.98,53.37,41343.46,4977.17,2012.34,187197.95,323706.09,24.82,87314.87,113906.28,73291.67,14023.2,39.15,83.94,96414.97,58968.35,37446.62
2_1_0_5,0.0,2111.97,14165.61,3194.85,17144.97,66476.28,153375.22,22.41,39470.93,43510.62,22965.67,16505.26,34.55,58.18,37378.3,25616.29,11762.01
2_1_1_4,4547.49,14.28,52371.53,5307.68,1973.25,196476.04,327892.05,26.85,87747.24,121392.24,75083.8,12663.44,38.22,85.57,101201.67,62829.78,38371.89
2_1_1_5,0.0,1127.86,19983.42,4220.8,16160.86,73320.04,155383.53,24.4,39758.87,48211.82,25108.22,14650.64,34.24,63.15,40743.97,27881.53,12862.44
2_1_2_4,4219.04,10.74,54488.73,5378.53,1969.71,198335.64,328056.85,27.18,87663.05,123027.43,75308.21,12354.84,37.97,85.91,102157.57,63666.91,38490.67
2_1_2_5,0.0,997.97,21153.58,4425.85,16030.97,74695.25,155426.67,24.73,39710.81,49207.14,25488.1,14222.71,34.12,64.18,41429.2,28372.21,13056.99
2_1_3_4,4046.82,5.96,54840.48,5398.16,1964.93,198534.8,328696.06,27.27,87826.7,123069.13,75465.67,12361.03,38.01,85.93,102255.34,63682.91,38572.43
2_1_3_5,0.0,883.88,21359.51,4466.71,15916.88,74942.04,155749.59,24.82,39802.85,49358.89,25583.15,14219.7,34.14,64.27,41534.76,28429.28,13105.48
2_1_4_4,4120.04,6.19,55376.25,5414.64,1965.16,199160.27,329699.84,27.24,88079.56,123459.15,75701.12,12378.44,38.01,85.95,102598.05,63900.52,38697.53
2_1_4_5,0.0,909.38,21636.82,4513.3,15942.38,75265.94,156201.05,24.78,39924.41,49564.56,25701.38,14223.03,34.15,64.38,41719.09,28549.3,13169.79
2_1_5_4,4363.54,14.03,53093.43,5343.26,1972.99,197049.57,325091.69,26.88,86989.66,122339.92,74709.66,12280.0,37.91,85.88,101483.48,63302.77,38180.71
2_1_5_5,0.0,1064.7,20407.8,4306.22,16097.7,73829.84,154014.16,24.46,39348.04,48682.31,25147.53,14200.5,34.06,63.91,40987.69,28107.81,12879.88
2_1_6_4,4106.75,10.56,56118.61,5435.13,1969.53,199909.83,325727.83,27.37,86982.63,124871.24,75038.59,11944.03,37.54,86.27,102966.35,64612.6,38353.75
2_1_6_5,0.0,959.18,22028.18,4584.06,15992.18,75728.06,154329.47,24.95,39359.79,50103.08,25624.98,13734.81,33.84,65.1,41956.77,28829.85,13126.92
2_1_7_4,3666.69,5.81,59451.36,5517.36,1964.78,202884.75,327311.4,27.87,87241.54,127298.2,75586.55,11654.99,37.26,86.64,104505.66,65869.41,38636.25
2_1_7_5,0.0,777.07,23821.36,4895.75,15810.07,77832.93,155088.15,25.43,39512.08,51636.72,26196.22,13315.87,33.66,66.3,43014.79,29594.96,13419.83
2_1_8_4,3394.86,4.14,62278.51,5597.85,1963.11,205520.55,328652.35,28.29,87460.55,129447.2,76073.35,11387.2,37.01,86.98,105854.79,66970.57,38884.22
2_1_8_5,0.0,688.84,25357.48,5161.86,15721.84,79635.17,155719.07,25.84,39637.0,52958.16,26677.0,12959.99,33.5,67.3,43925.04,30261.23,13663.81
2_1_9_4,4307.58,13.01,54364.38,5395.28,1971.97,198316.57,324079.72,27.15,86590.56,123720.84,74595.73,11994.83,37.61,86.15,102144.42,64016.69,38127.73
2_1_9_5,0.0,1051.52,21177.04,4429.79,16084.52,74722.65,153500.38,24.73,39135.08,49404.09,25318.56,13816.52,33.88,64.7,41452.49,28482.61,12969.87
2_1_10_4,3589.53,5.8,60744.45,5582.85,1964.76,204166.17,327570.35,28.16,87177.22,128442.45,75723.72,11453.49,37.09,86.86,105166.39,66456.42,38709.97
2_1_10_5,0.0,764.84,24617.79,5021.36,15797.84,78754.97,155184.23,25.72,39474.46,52342.15,26412.82,13061.64,33.54,66.91,43490.06,29958.54,13531.52
2_1_11_4,2769.03,1.2,69212.76,5821.01,1960.17,212052.14,331349.33,29.33,87805.44,134994.63,77057.51,10747.94,36.34,87.76,109230.85,69834.24,39396.61
2_1_11_5,0.0,455.77,29050.94,5778.21,15488.77,83944.97,157032.71,26.86,39855.77,56225.3,27719.67,12136.1,33.02,69.55,46116.57,31916.6,14199.97
2_1_12_4,2271.51,0.0,78200.6,6084.45,1958.97,220805.9,333417.25,30.42,87999.21,142787.04,78018.86,9980.35,35.33,88.66,113760.92,73872.26,39888.66
2_1_12_5,0.0,311.46,33554.55,6526.61,15344.47,89196.98,158028.46,27.94,39992.04,60366.81,28830.17,11161.87,32.32,72.09,48815.0,34046.1,14768.91
2_2_0_4,5824.89,2.86,45170.4,6022.22,1792.6,191131.15,429624.01,28.83,113970.11,95088.9,96042.25,17927.87,50.25,84.27,75086.67,39018.27,36068.41
2_2_0_5,0.0,1232.25,16509.81,3527.37,14463.06,69103.9,195974.74,25.53,51278.96,40836.89,28267.01,23011.95,40.91,55.12,30136.74,19530.09,10606.65
2_2_1_4,4220.67,0.0,54544.72,6503.74,1789.74,199382.76,425513.35,30.91,111870.49,102592.51,96790.25,15080.24,48.54,86.52,78259.35,41902.63,36356.72
2_2_1_5,0.0,659.95,21137.67,4233.76,13890.77,74438.14,193823.89,27.63,50170.61,44223.35,30214.8,19955.82,40.59,60.22,32139.99,20801.33,11338.66
2_2_2_4,4046.81,0.0,56100.8,6596.87,1789.74,200858.12,426801.01,31.25,112028.95,103667.59,97190.53,14838.43,48.39,86.75,78824.9,42315.9,36509.0
2_2_2_5,0.0,642.81,22001.42,4370.97,13873.62,75439.11,194494.92,27.97,50285.17,44800.36,30638.75,19646.43,40.61,60.93,32531.0,21033.72,11497.29
2_2_3_4,3917.33,0.0,57732.89,6691.34,1789.74,202455.2,424953.43,31.53,111393.73,105362.76,97092.44,14301.29,47.96,87.16,79442.99,42970.82,36472.17
2_2_3_5,0.0,588.97,22808.55,4483.13,13819.78,76358.4,193562.43,28.26,49937.95,45431.42,30926.98,19010.97,40.5,61.93,32884.84,21279.5,11605.34
2_2_4_4,3947.78,0.0,58429.51,6730.08,1789.74,203221.01,424419.48,31.62,111195.19,106107.93,97113.09,14082.1,47.79,87.34,79739.21,43260.61,36478.6
2_2_4_5,0.0,568.1,23166.2,4522.13,13798.91,76755.05,193266.48,28.35,49825.74,45678.98,31076.07,18749.68,40.49,62.37,33037.7,21377.15,11660.55
2_2_5_4,4196.29,0.0,53821.63,6484.69,1789.74,198616.25,425992.72,30.78,112093.66,101800.46,96815.8,15277.86,48.75,86.37,77963.03,41598.73,36364.31
2_2_5_5,0.0,646.13,20890.8,4204.21,13876.94,74161.72,194057.92,27.5,50292.83,44015.98,30145.74,20147.09,40.65,59.94,32028.0,20716.39,11311.61
2_2_6_4,3851.06,0.0,56427.24,6619.99,1789.74,201011.93,424237.07,31.32,111369.13,104162.2,96849.73,14519.4,48.18,86.96,78882.91,42502.88,36380.04
2_2_6_5,0.0,566.73,22205.19,4406.47,13797.54,75678.37,193200.89,28.05,49909.29,45032.89,30645.49,19263.8,40.49,61.4,32611.44,21112.94,11498.49
2_2_7_4,3556.13,0.0,58752.04,6746.84,1789.74,203168.65,422886.25,31.8,110798.76,106273.25,96895.4,13903.36,47.69,87.45,79719.56,43320.89,36398.66
2_2_7_5,0.0,487.98,23455.19,4599.17,13718.79,77121.07,192460.08,28.54,49593.53,45991.61,31129.46,18464.07,40.36,62.77,33170.16,21488.95,11681.21
2_2_8_4,3352.65,0.0,60247.71,6829.46,1789.74,204543.45,422875.33,32.14,110651.08,107524.2,97019.26,13631.82,47.43,87.68,80255.88,43809.96,36445.92
2_2_8_5,0.0,422.01,24289.56,4725.81,13652.82,78082.08,192443.73,28.88,49522.59,46618.1,31463.98,18058.61,40.3,63.53,33542.65,21734.87,11807.78
2_2_9_4,4106.16,0.0,55509.42,6568.98,1789.74,200298.2,423741.61,31.08,111309.51,103653.29,96644.9,14664.6,48.25,86.83,78606.84,42304.74,36302.11
2_2_9_5,0.0,630.4,21728.93,4322.24,13861.21,75117.88,192877.41,27.81,49834.4,44703.75,30414.13,19420.27,40.49,61.03,32399.83,20987.52,11412.31
2_2_10_4,3438.78,0.0,60535.92,6843.27,1789.74,204931.6,423064.87,32.14,110623.28,107890.57,97041.04,13582.24,47.35,87.72,80395.95,43941.01,36454.93
2_2_10_5,0.0,458.93,24376.49,4726.68,13689.74,78169.89,192512.3,28.88,49491.14,46696.6,31473.28,18017.86,40.26,63.59,33577.14,21767.68,11809.47
2_2_11_4,2867.84,0.0,65837.16,7135.12,1789.74,209953.75,423436.84,33.22,110237.79,112365.42,97588.33,12649.46,46.48,88.53,82342.82,45678.83,36663.99
2_2_11_5,0.0,324.69,27235.33,5155.91,13555.5,81457.95,192755.54,29.95,49348.36,48806.18,32651.77,16696.59,40.08,66.17,34859.95,22606.54,12253.41
2_2_12_4,2485.82,0.0,71654.62,7450.6,1789.74,215704.67,421836.01,34.25,109328.89,118017.22,97687.45,11641.43,45.29,89.35,84580.76,47877.58,36703.19
2_2_12_5,0.0,247.26,30442.91,5611.31,13478.07,85120.93,191893.27,30.99,48879.57,51319.72,33801.22,15078.36,39.71,69.15,36304.55,23619.12,12685.43
2_3_0_4,5437.52,162.37,27579.71,4454.37,2438.25,171572.9,382882.55,22.69,104017.16,90781.05,80791.85,23225.3,47.09,77.67,65999.82,35387.68,30612.14
2_3_0_5,0.0,2019.22,9376.96,2327.28,20393.76,60766.48,189986.47,19.96,50822.44,37571.47,23195.01,27627.43,38.17,45.64,27196.96,18300.34,8896.62
2_3_1_4,3988.0,70.04,35148.35,4690.16,2345.92,177927.81,379560.17,24.7,102216.86,95898.73,82029.08,20187.78,46.1,80.25,68453.31,37361.6,31091.71
2_3_1_5,0.0,1244.85,13106.15,2991.52,19619.39,65159.91,188160.2,21.99,49856.64,40308.28,24851.63,25005.0,38.14,49.85,28769.37,19234.36,9535.0
2_3_2_4,3842.72,74.48,36448.55,4738.42,2350.36,179130.98,379996.59,25.0,102202.7,96785.46,82345.52,19857.19,45.97,80.57,68920.86,37704.16,31216.7
2_3_2_5,0.0,1208.82,13793.47,3117.04,19583.36,65972.76,188379.12,22.28,49853.96,40802.51,25170.25,24683.71,38.15,50.49,29078.47,19420.97,9657.5
2_3_3_4,3706.7,57.1,37473.73,4782.98,2332.98,180064.7,378630.66,25.24,101723.46,97671.67,82393.03,19330.43,45.76,81.0,69296.52,38059.31,31237.21
2_3_3_5,0.0,1107.73,14366.03,3212.84,19482.27,66641.11,187615.11,22.53,49579.72,41239.35,25401.77,24177.96,38.12,51.23,29328.03,19577.96,9750.07
2_3_4_4,3747.83,50.04,38047.58,4794.79,2325.92,180691.5,378585.78,25.27,101681.08,98124.63,82566.87,19114.22,45.69,81.2,69567.86,38260.15,31307.71
2_3_4_5,0.0,1102.82,14598.93,3247.65,19477.35,66908.83,187637.04,22.56,49572.49,41369.76,25539.07,24033.41,38.17,51.52,29446.25,19636.48,9809.77
2_3_5_4,3900.4,58.53,34561.37,4680.44,2334.41,177243.5,379074.84,24.56,102187.45,95379.35,81864.15,20323.3,46.19,80.11,68196.6,37169.62,31026.98
2_3_5_5,0.0,1150.15,12865.71,2950.6,19524.68,64878.56,187916.27,21.86,49831.42,40149.89,24728.67,25102.75,38.12,49.62,28648.61,19159.15,9489.46
2_3_6_4,3557.17,43.58,36672.43,4754.33,2319.46,179085.22,376726.03,25.08,101331.38,97154.29,81930.93,19400.45,45.75,80.85,68920.21,37861.47,31058.75
2_3_6_5,0.0,974.07,13961.31,3142.64,19348.61,66166.2,186643.48,22.39,49348.98,41004.72,25161.48,24187.5,38.03,50.99,29122.96,19464.49,9658.46
2_3_7_4,3284.13,29.3,38902.32,4828.5,2305.18,181116.24,374751.88,25.58,100600.17,99039.03,82077.22,18522.95,45.32,81.59,69701.75,38585.17,31116.58
2_3_7_5,0.0,843.19,15100.11,3344.36,19217.73,67506.71,185561.09,22.9,48934.08,41895.34,25611.38,23322.7,37.94,52.34,29618.06,19787.72,9830.33
2_3_8_4,3076.75,17.13,40511.71,4883.11,2293.01,182572.87,374813.14,25.92,100490.63,100218.75,82354.12,18136.51,45.11,81.95,70260.63,39043.76,31216.87
2_3_8_5,0.0,721.96,15911.38,3488.41,19096.49,68462.04,185603.05,23.24,48886.22,42495.22,25966.83,22919.39,37.93,53.12,29966.32,20000.52,9965.8
2_3_9_4,3854.19,54.56,35633.89,4723.75,2330.44,178313.13,376194.09,24.83,101258.04,96619.89,81693.24,19564.8,45.81,80.68,68611.78,37643.92,30967.87
2_3_9_5,0.0,1148.4,13441.55,3048.98,19522.94,65552.78,186328.22,22.14,49285.76,40639.22,24913.55,24372.21,38.01,50.55,28909.11,19348.11,9561.0
2_3_10_4,3138.25,22.83,40291.47,4888.53,2298.71,182419.55,375770.67,25.94,100689.6,99944.46,82475.09,18214.51,45.21,81.91,70212.85,38940.62,31272.23
2_3_10_5,0.0,772.78,15864.36,3471.76,19147.32,68398.38,186072.79,23.25,48997.24,42412.91,25985.47,23011.77,37.99,53.03,29955.11,19978.72,9976.39
2_3_11_4,2595.82,8.83,45242.81,5058.68,2284.71,186998.61,375167.72,26.97,100113.12,103801.17,83197.44,16915.67,44.49,83.1,71985.23,40436.94,31548.29
2_3_11_5,0.0,526.37,18456.9,3920.8,18900.91,71439.95,185719.06,24.28,48695.89,44365.08,27074.87,21621.02,37.9,55.6,31093.05,20698.55,10394.5
2_3_12_4,2272.63,2.75,51078.68,5265.96,2278.63,192718.57,373494.33,28.0,99207.22,108958.03,83760.55,15446.67,43.46,84.43,74221.45,42458.66,31762.79
2_3_12_5,0.0,402.47,21564.58,4435.64,18777.0,75062.46,184831.0,25.33,48215.88,46786.64,28275.82,19940.05,37.67,58.64,32482.63,21627.17,10855.46
2_4_0_4,5039.83,41.44,28261.19,5030.19,2072.04,172331.35,404652.77,24.76,109364.69,84108.14,88223.21,21141.48,51.19,80.67,59707.12,32095.8,27611.32
2_4_0_5,0.0,1812.75,10791.59,2678.34,17596.96,62495.57,176081.5,21.52,46133.22,38365.87,24129.7,22003.52,38.61,52.3,25580.03,18028.83,7551.2
2_4_1_4,3979.46,4.88,31679.34,5165.9,2035.48,174824.84,394549.93,26.0,106223.37,87246.6,87578.24,18645.13,50.09,82.45,60464.7,33069.71,27395.0
2_4_1_5,0.0,1046.74,12335.89,2942.26,16830.95,64303.79,171108.31,22.83,44416.27,39883.0,24420.79,19995.47,37.98,54.98,26062.29,18436.73,7625.56
2_4_2_4,3878.11,4.18,32302.4,5188.24,2034.78,175368.89,393788.82,26.18,105927.43,87836.55,87532.34,18395.09,49.91,82.63,60638.67,33261.2,27377.47
2_4_2_5,0.0,991.62,12583.9,2984.3,16775.83,64593.85,170817.62,23.02,44284.73,40106.46,24487.39,19797.34,37.91,55.3,26151.34,18507.83,7643.51
2_4_3_4,3887.22,3.63,32733.63,5212.45,2034.23,175833.44,393754.63,26.28,105861.96,88264.07,87569.38,18292.58,49.8,82.72,60787.59,33402.1,27385.49
2_4_3_5,0.0,990.56,12774.43,3015.77,16774.77,64815.84,170815.1,23.13,44261.2,40253.87,24561.97,19699.23,37.9,55.49,26222.93,18558.53,7664.4
2_4_4_4,3943.34,3.7,32828.91,5220.92,2034.3,175993.3,393238.95,26.29,105708.42,88453.24,87540.06,18168.36,49.74,82.81,60837.08,33460.14,27376.94
2_4_4_5,0.0,1014.08,12858.76,3024.79,16798.29,64909.2,170555.44,23.14,44171.47,40327.68,24581.52,19589.95,37.87,55.65,26253.64,18584.75,7668.89
2_4_5_4,4034.29,11.38,32379.13,5197.17,2041.99,175610.74,395322.48,26.04,106334.57,87809.88,87800.86,18533.71,50.0,82.57,60720.33,33255.15,27465.18
2_4_5_5,0.0,1148.78,12650.27,2995.86,16932.99,64671.77,171475.67,22.87,44498.08,40026.19,24645.58,19852.5,38.11,55.39,26199.89,18504.68,7695.21
2_4_6_4,3823.4,9.43,33486.13,5249.85,2040.03,176559.52,393738.17,26.33,105748.65,88870.26,87689.26,18059.39,49.67,82.92,61015.69,33592.53,27423.16
2_4_6_5,0.0,1033.74,13188.58,3087.81,16817.95,65302.03,170753.64,23.17,44192.6,40517.73,24784.3,19408.3,37.95,56.08,26391.15,18659.24,7731.9
2_4_7_4,3618.24,5.88,34586.15,5300.34,2036.48,177504.87,393219.5,26.66,105467.66,89702.07,87802.8,17664.86,49.47,83.25,61312.45,33854.58,27457.87
2_4_7_5,0.0,904.93,13703.1,3174.01,16689.14,65902.76,170536.53,23.51,44064.42,40896.37,25006.38,19058.03,37.94,56.75,26571.4,18772.98,7798.42
2_4_8_4,3567.22,5.11,35050.6,5315.48,2035.72,177933.44,392657.13,26.83,105268.5,90102.98,87830.46,17438.04,49.36,83.43,61458.75,33990.06,27468.69
2_4_8_5,0.0,882.66,13909.21,3210.75,16666.87,66145.61,170221.31,23.68,43959.25,41055.61,25089.99,18869.25,37.93,57.08,26653.54,18828.66,7824.88
2_4_9_4,3929.63,11.44,33014.71,5217.98,2042.04,176162.46,393115.82,26.19,105658.48,88611.35,87551.1,18107.38,49.7,82.86,60896.38,33515.16,27381.22
2_4_9_5,0.0,1107.89,12885.6,3037.55,16892.09,64948.79,170487.78,23.04,44143.76,40319.05,24629.74,19514.02,37.92,55.79,26288.23,18602.62,7685.61
2_4_10_4,3504.39,6.68,35216.57,5327.81,2037.29,178048.91,392292.13,26.84,105139.77,90304.46,87744.45,17395.32,49.28,83.46,61489.17,34054.37,27434.8
2_4_10_5,0.0,885.2,13960.29,3225.13,16669.41,66211.07,170127.54,23.69,43901.43,41151.36,25059.71,18841.71,37.85,57.08,26676.19,18864.23,7811.97
2_4_11_4,3125.43,2.93,37420.01,5444.22,2033.53,179989.8,392707.3,27.47,104960.86,91875.79,88114.0,16846.85,48.95,83.95,62104.32,34558.84,27545.48
2_4_11_5,0.0,691.24,15078.88,3420.82,16475.45,67525.35,170355.04,24.32,43843.78,41959.07,25566.28,18277.5,37.86,58.31,27087.93,19123.7,7964.23
2_4_12_4,2829.36,0.9,40094.34,5575.25,2031.5,182499.08,389851.66,28.16,103916.71,94421.16,88077.92,15838.8,48.26,84.76,62904.47,35373.1,27531.37
2_4_12_5,0.0,551.68,16440.42,3649.15,16335.89,69115.22,168952.37,25.04,43301.82,43059.33,26055.89,17245.93,37.7,60.17,27599.04,19490.74,8108.3
2_5_0_4,3560.45,0.25,13366.89,3782.41,2145.85,154801.18,347109.72,20.68,95846.25,80649.72,74151.47,21694.78,47.9,77.37,50969.5,27325.62,23643.88
2_5_0_5,0.0,533.85,5198.69,1503.22,17554.48,55760.59,151489.28,17.92,39672.72,36632.54,19128.05,20544.67,34.3,48.21,21272.15,15198.48,6073.67
2_5_1_4,2361.02,0.0,22579.78,3943.28,2145.6,162975.51,343462.79,22.59,94028.34,87005.52,75969.98,18058.36,46.61,80.79,53490.48,29291.34,24199.14
2_5_1_5,0.0,171.59,7761.69,2038.96,17192.22,58859.33,149952.72,19.85,38865.01,38504.67,20354.66,18510.35,34.58,52.37,22170.47,15715.97,6454.5
2_5_2_4,2228.03,0.0,24310.02,3979.7,2145.6,164609.18,342183.14,22.89,93543.65,88507.21,76101.97,17441.68,46.23,81.35,54011.01,29781.14,24229.88
2_5_2_5,0.0,160.16,8278.62,2147.88,17180.8,59485.18,149388.02,20.16,38631.83,38956.32,20528.86,18102.97,34.51,53.14,22368.27,15861.35,6506.92
2_5_3_4,2115.6,0.0,25905.75,4020.65,2145.6,166133.42,340954.41,23.18,93076.44,89830.48,76302.94,16773.49,45.93,81.98,54470.14,30199.26,24270.88
2_5_3_5,0.0,140.9,8793.9,2254.65,17161.53,60107.23,148826.96,20.46,38411.81,39393.4,20713.83,17697.99,34.46,53.93,22549.11,15993.86,6555.25
2_5_4_4,2147.69,0.0,26348.8,4032.46,2145.6,166620.38,341030.33,23.23,93056.02,90148.04,76472.35,16583.67,45.9,82.18,54603.54,30279.84,24323.7
2_5_4_5,0.0,144.27,8934.88,2281.63,17164.9,60275.19,148888.89,20.51,38410.36,39458.17,20817.02,17593.34,34.54,54.2,22591.08,16006.42,6584.67
2_5_5_4,2288.72,0.0,21639.01,3944.66,2145.6,161963.82,340367.31,22.52,93259.74,86793.18,75170.65,18089.1,46.41,80.6,53192.78,29258.11,23934.66
2_5_5_5,0.0,145.77,7635.94,2018.36,17166.41,58712.98,148580.32,19.81,38480.77,38611.09,20101.89,18378.88,34.24,52.24,22127.06,15755.2,6371.86
2_5_6_4,1994.11,0.0,24557.26,4010.68,2145.6,164653.49,337889.03,23.1,92334.85,89244.09,75409.4,16925.45,45.8,81.67,54024.93,30029.82,23995.1
2_5_6_5,0.0,101.56,8543.04,2208.26,17122.19,59809.98,147539.53,20.41,38055.54,39395.41,20414.57,17640.97,34.13,53.64,22461.72,15996.34,6465.38
2_5_7_4,1799.17,0.0,27148.16,4069.3,2145.6,167108.06,335740.35,23.57,91565.53,91528.67,75579.39,15986.14,45.23,82.54,54781.68,30740.19,24041.49
2_5_7_5,0.0,84.29,9355.19,2377.22,17104.93,60791.09,146653.99,20.89,37709.72,40096.42,20694.67,17015.06,34.04,54.88,22763.1,16212.18,6550.91
2_5_8_4,1685.9,0.0,29052.5,4108.67,2145.6,168938.51,335977.03,23.86,91530.27,92962.82,75975.69,15554.59,44.97,83.01,55344.24,31180.7,24163.54
2_5_8_5,0.0,69.09,9913.91,2493.66,17089.72,61466.24,146785.22,21.18,37709.01,40502.91,20963.34,16745.67,34.11,55.59,22968.21,16334.9,6633.31
2_5_9_4,2279.6,0.0,22825.25,3970.67,2145.6,163166.95,337840.74,22.76,92412.58,88110.29,75056.66,17355.92,46.0,81.22,53550.74,29662.94,23887.8
2_5_9_5,0.0,164.71,8007.54,2092.13,17185.34,59158.35,147554.07,20.07,38089.81,38997.64,20160.71,17929.1,34.08,52.93,22257.57,15874.25,6383.32
2_5_10_4,1697.28,0.0,28635.06,4113.8,2145.6,168537.58,335629.63,23.91,91372.26,92776.93,75760.65,15611.61,44.95,82.91,55205.04,31119.12,24085.92
2_5_10_5,0.0,76.15,9899.96,2486.41,17096.78,61445.05,146666.85,21.23,37647.06,40525.44,20919.61,16727.44,34.05,55.57,22959.37,16343.04,6616.33
2_5_11_4,1301.22,0.0,34520.21,4267.35,2145.6,174180.21,334676.11,24.93,90736.38,97667.73,76512.48,14223.9,43.93,84.32,56973.89,32656.88,24317.01
2_5_11_5,0.0,42.07,11929.38,2900.61,17062.7,63888.67,146327.7,22.27,37390.61,42112.02,21776.65,15613.96,34.09,58.24,23725.84,16840.52,6885.32
2_5_12_4,1056.55,0.0,40450.69,4454.78,2145.61,180053.46,331535.31,25.97,89482.49,103222.26,76831.2,12651.28,42.67,85.86,58797.46,34380.54,24416.92
2_5_12_5,0.0,29.05,14398.59,3384.25,17049.69,66841.52,145002.06,23.33,36823.97,44102.94,22738.58,14085.39,34.02,61.75,24629.91,17450.09,7179.82
2_6_0_4,15734.31,3.97,9926.82,4306.59,2394.91,163898.77,344913.12,18.66,95822.53,89754.43,74144.34,21678.19,45.24,77.38,24587.87,13738.94,10848.93
2_6_0_5,0.0,2243.51,3815.52,1478.48,21857.89,54294.64,151558.13,15.93,39854.58,35017.9,19276.75,20577.84,35.5,48.37,11717.4,8908.28,2809.13
2_6_1_4,13160.49,0.73,15164.87,4349.24,2391.67,166605.65,335175.59,19.9,92660.93,92739.91,73865.73,18795.2,44.34,79.72,24954.21,14152.87,10801.34
2_6_1_5,0.0,1013.68,4925.81,1733.11,20628.07,55659.57,147213.7,17.23,38331.87,36118.66,19540.9,18790.97,35.11,50.98,11694.79,8849.96,2844.83
2_6_2_4,12922.1,0.55,16063.26,4352.95,2391.49,167269.37,334244.69,20.05,92348.94,93357.94,73911.43,18437.51,44.19,80.03,25051.98,14245.06,10806.92
2_6_2_5,0.0,924.04,5087.42,1772.18,20538.43,55860.24,146786.73,17.39,38180.81,36269.06,19591.18,18589.63,35.07,51.31,11711.13,8858.21,2852.92
2_6_3_4,12872.9,0.52,16463.01,4354.24,2391.46,167621.19,334613.91,20.14,92413.15,93601.72,74019.48,18393.68,44.16,80.1,25108.09,14294.52,10813.57
2_6_3_5,0.0,906.09,5158.82,1789.63,20520.48,55949.1,146970.16,17.49,38230.34,36305.43,19643.66,18586.68,35.11,51.38,11714.55,8858.3,2856.25
2_6_4_4,12946.13,0.55,16403.26,4351.74,2391.49,167632.19,334809.17,20.15,92453.53,93615.17,74017.02,18436.51,44.15,80.06,25108.76,14297.28,10811.48
2_6_4_5,0.0,929.18,5138.25,1784.18,20543.57,55923.08,147012.0,17.49,38234.56,36299.64,19623.44,18611.12,35.09,51.32,11710.23,8859.02,2851.21
2_6_5_4,12961.13,0.86,15013.81,4364.25,2391.8,166270.25,336618.34,19.84,93100.24,92232.23,74038.02,19062.22,44.53,79.53,24918.35,14093.97,10824.38
2_6_5_5,0.0,1029.61,5000.91,1761.58,20644.0,55763.13,147824.48,17.17,38545.87,36110.47,19652.66,18893.21,35.24,50.99,11709.11,8848.61,2860.5
2_6_6_4,12341.32,0.46,16513.57,4379.45,2391.4,167165.4,336571.7,20.17,92956.53,92924.81,74240.58,18715.95,44.41,79.87,25033.12,14188.33,10844.79
2_6_6_5,0.0,803.28,5316.49,1838.31,20417.66,56155.45,147847.04,17.5,38498.71,36360.51,19794.94,18703.77,35.25,51.42,11729.05,8848.66,2880.39
2_6_7_4,12123.52,0.13,17874.85,4377.4,2391.07,168306.83,336560.04,20.45,92854.16,93878.98,74427.85,18426.31,44.22,80.16,25201.96,14330.43,10871.54
2_6_7_5,0.0,680.85,5504.73,1880.64,20295.24,56386.01,147858.24,17.78,38461.72,36504.05,19881.96,18579.75,35.26,51.69,11742.45,8848.61,2893.84
2_6_8_4,11589.49,0.09,19003.4,4401.12,2391.03,168925.07,335731.56,20.65,92574.89,94376.27,74548.8,18026.09,44.13,80.53,25299.86,14407.17,10892.69
2_6_8_5,0.0,581.13,5809.53,1965.18,20195.52,56775.35,147441.16,17.98,38314.07,36728.13,20047.22,18266.85,35.31,52.32,11774.08,8856.92,2917.16
2_6_9_4,12478.76,0.55,15795.74,4382.15,2391.5,166587.71,335916.89,20.01,92840.04,92588.42,73999.28,18840.75,44.42,79.71,24982.49,14172.76,10809.73
2_6_9_5,0.0,892.62,5234.3,1824.28,20507.01,56059.22,147563.12,17.34,38437.68,36322.56,19736.66,18701.02,35.21,51.35,11720.21,8853.44,2866.78
2_6_10_4,11571.34,0.1,18572.2,4398.37,2391.05,168472.96,335154.11,20.57,92429.4,94150.37,74322.6,18106.81,44.12,80.41,25217.7,14368.92,10848.78
2_6_10_5,0.0,593.52,5755.91,1952.39,20207.91,56708.94,147244.74,17.91,38259.98,36750.11,19958.83,18301.15,35.2,52.17,11766.08,8865.13,2900.94
2_6_11_4,10723.96,0.0,21647.85,4424.27,2390.94,170727.13,335625.24,21.12,92367.86,95875.53,74851.6,17516.25,43.84,81.04,25531.67,14609.98,10921.69
2_6_11_5,0.0,396.41,6356.0,2107.8,20010.79,57464.44,147463.75,18.46,38244.45,37190.65,20273.79,17970.66,35.28,53.01,11838.51,8891.22,2947.3
2_6_12_4,10229.9,0.0,25208.77,4425.89,2390.94,173795.6,334931.07,21.67,91999.73,98505.64,75289.97,16709.76,43.32,81.84,25972.54,14990.78,10981.76
2_6_12_5,0.0,275.42,6924.51,2248.38,19889.81,58173.54,147121.96,19.01,38071.89,37619.85,20553.68,17518.21,35.33,53.99,11912.08,8924.16,2987.93
2_7_0_4,16741.28,808.54,21776.52,4559.33,3342.83,176939.1,335300.18,17.92,92506.83,103673.64,73265.46,19241.37,41.41,79.2,78862.14,46488.24,32373.9
2_7_0_5,0.0,9228.22,4906.75,1580.36,30336.72,55462.76,167973.02,15.55,44682.43,35892.25,19570.51,25111.92,35.29,43.8,30049.25,21356.79,8692.46
2_7_1_4,14716.41,442.6,25457.53,4583.13,2976.89,178619.03,323207.01,19.12,88725.36,106813.26,71805.77,16919.6,40.2,80.93,79562.02,47839.34,31722.68
2_7_1_5,0.0,7142.9,6145.53,1745.7,28251.4,56866.88,161497.39,16.83,42518.84,37075.35,19791.54,22727.31,34.8,46.55,30304.08,21509.37,8794.71
2_7_2_4,14508.18,443.06,26266.9,4593.93,2977.35,179230.98,320862.82,19.29,88006.29,107704.75,71526.24,16480.05,39.91,81.27,79843.54,48247.89,31595.65
2_7_2_5,0.0,6989.42,6457.03,1795.29,28097.93,57227.97,160210.69,17.01,42094.62,37367.43,19860.54,22234.08,34.7,47.18,30442.6,21615.33,8827.28
2_7_3_4,14213.4,387.05,26493.6,4600.11,2921.34,179169.08,320214.93,19.41,87794.37,107748.3,71420.78,16373.6,39.86,81.35,79806.68,48257.61,31549.06
2_7_3_5,0.0,6681.1,6550.26,1802.67,27789.61,57328.58,159871.04,17.14,41978.1,37444.6,19883.98,22094.12,34.68,47.37,30432.48,21594.41,8838.07
2_7_4_4,14383.4,421.36,26358.34,4595.05,2955.65,179198.76,320755.82,19.39,87931.37,107691.88,71506.87,16424.49,39.9,81.32,79823.44,48232.86,31590.58
2_7_4_5,0.0,6869.7,6486.03,1797.06,27978.21,57258.73,160143.94,17.11,42051.44,37391.76,19866.97,22184.47,34.7,47.24,30430.82,21601.1,8829.72
2_7_5_4,14647.52,493.92,25518.7,4598.43,3028.21,178626.62,325431.43,19.12,89335.61,106519.55,72107.08,17228.53,40.37,80.71,79577.16,47722.16,31855.0
2_7_5_5,0.0,7174.24,6199.23,1760.36,28282.75,56935.24,162642.93,16.81,42860.84,37068.89,19866.35,22994.5,34.89,46.35,30342.72,21514.32,8828.4
2_7_6_4,14046.86,433.09,26804.98,4624.13,2967.38,179337.93,325371.87,19.48,89160.03,107130.33,72207.61,16952.42,40.26,80.99,79888.36,47988.14,31900.22
2_7_6_5,0.0,6693.42,6694.36,1838.45,27801.93,57508.46,162555.25,17.18,42754.97,37420.64,20087.82,22667.15,34.93,46.98,30514.71,21585.85,8928.85
2_7_7_4,13474.18,361.05,27902.39,4640.1,2895.34,179878.64,324047.08,19.82,88682.03,107735.01,72143.63,16538.4,40.11,81.35,80120.65,48243.55,31877.1
2_7_7_5,0.0,6192.39,7103.6,1899.51,27300.9,57978.75,161860.45,17.52,42495.53,37737.69,20241.07,22254.47,34.91,47.63,30634.98,21636.15,8998.83
2_7_8_4,13172.35,327.06,28676.27,4649.51,2861.35,180360.11,323046.22,20.02,88346.22,108323.02,72037.09,16309.13,39.94,81.54,80334.64,48511.39,31823.25
2_7_8_5,0.0,5945.42,7389.46,1944.9,27053.92,58310.01,161343.52,17.73,42310.9,37973.11,20336.9,21974.01,34.88,48.07,30739.4,21698.4,9041.0
2_7_9_4,14349.05,433.11,26440.28,4621.82,2967.4,179273.12,323989.18,19.34,88828.22,107270.19,72002.93,16825.28,40.16,81.06,79861.96,48051.99,31809.97
2_7_9_5,0.0,6917.17,6596.83,1826.38,28025.67,57398.86,161833.44,17.04,42563.44,37385.31,20013.54,22549.9,34.87,47.02,30504.75,21609.45,8895.3
2_7_10_4,13255.0,331.98,28445.4,4645.07,2866.27,180207.44,322372.39,19.93,88179.24,108301.83,71905.61,16273.63,39.9,81.54,80266.92,48501.35,31765.57
2_7_10_5,0.0,5989.08,7305.93,1927.34,27097.58,58208.92,160981.86,17.64,42211.3,37925.33,20283.59,21927.71,34.85,48.05,30703.15,21685.57,9017.58
2_7_11_4,12345.96,275.06,30611.81,4677.91,2809.35,181497.64,321402.12,20.51,87704.52,109550.96,71946.68,15757.84,39.64,82.03,80839.39,49053.68,31785.72
2_7_11_5,0.0,5325.53,8116.11,2058.47,26434.03,59150.23,160467.52,18.23,41958.75,38545.47,20604.76,21353.98,34.83,49.11,31006.1,21843.46,9162.64
2_7_12_4,11617.03,217.51,33446.2,4726.39,2751.8,183651.58,320070.83,21.18,87094.54,111725.3,71926.28,15168.26,39.16,82.58,81805.94,50033.74,31772.2
2_7_12_5,0.0,4826.04,9228.67,2246.09,25934.54,60450.41,159761.41,18.91,41628.88,39420.09,21030.32,20598.56,34.79,50.52,31503.5,22149.56,9353.94
2_8_0_4,9815.42,209.82,13990.89,5295.58,2693.07,163148.91,410743.42,19.31,113243.51,81441.42,81707.49,31536.02,50.08,72.15,58882.13,31819.3,27062.83
2_8_0_5,0.0,5436.87,4575.81,1796.11,26008.4,55414.52,187114.54,16.14,50653.7,34596.41,20818.12,29835.59,37.57,41.1,24893.71,17981.14,6912.57
2_8_1_4,8018.4,72.26,18786.01,5464.73,2555.51,166316.16,400201.95,21.01,109600.65,83949.39,82366.76,27233.88,49.52,75.15,59755.28,32538.17,27217.11
2_8_1_5,0.0,3572.56,5910.06,2062.43,24144.09,57015.1,181822.16,17.92,48685.54,35766.43,21248.67,27436.87,37.27,43.64,25089.74,18052.59,7037.15
2_8_2_4,7787.61,69.62,19668.14,5495.08,2552.87,166997.85,398728.93,21.27,109073.91,84533.55,82464.3,26609.61,49.38,75.6,59969.41,32731.71,27237.7
2_8_2_5,0.0,3365.37,6166.7,2117.43,23936.89,57326.75,181102.19,18.19,48402.79,35994.06,21332.69,27070.1,37.21,44.07,25157.54,18096.21,7061.33
2_8_3_4,7649.56,58.67,20399.43,5530.94,2541.92,167626.96,397676.1,21.51,108689.1,85008.77,82618.19,26070.91,49.29,76.01,60163.14,32889.94,27273.2
2_8_3_5,0.0,3230.13,6390.19,2165.76,23801.65,57598.56,180581.92,18.44,48200.0,36191.34,21407.22,26792.78,37.17,44.41,25220.66,18140.43,7080.23
2_8_4_4,7758.29,57.38,20542.7,5539.43,2540.63,167887.45,396998.93,21.52,108498.14,85173.24,82714.2,25783.94,49.27,76.24,60247.98,32937.2,27310.79
2_8_4_5,0.0,3339.9,6471.65,2183.9,23911.43,57698.16,180228.33,18.45,48102.52,36248.03,21450.13,26652.4,37.18,44.59,25270.58,18174.92,7095.66
2_8_5_4,7976.04,76.4,18444.37,5453.83,2559.65,165921.25,400662.41,20.9,109810.88,83604.91,82316.34,27494.53,49.61,74.96,59625.61,32417.6,27208.01
2_8_5_5,0.0,3533.56,5823.62,2042.38,24105.09,56908.6,182039.75,17.81,48814.54,35669.64,21238.97,27575.57,37.32,43.51,25050.29,18013.14,7037.15
2_8_6_4,7527.03,57.18,19988.42,5519.36,2540.42,167081.83,397656.2,21.39,108747.14,84624.57,82457.26,26289.88,49.35,75.82,59969.53,32743.59,27225.94
2_8_6_5,0.0,3114.53,6301.54,2143.72,23686.06,57487.87,180582.57,18.32,48228.46,36122.27,21365.6,26862.86,37.17,44.3,25167.9,18098.16,7069.75
2_8_7_4,7129.66,45.61,21830.71,5591.15,2528.86,168598.54,394798.04,21.92,107700.55,85879.76,82718.78,24981.77,49.06,76.8,60442.98,33154.37,27288.61
2_8_7_5,0.0,2763.64,6843.45,2260.93,23335.17,58146.99,179149.14,18.87,47658.98,36613.03,21533.95,26125.03,37.03,45.18,25324.15,18207.04,7117.11
2_8_8_4,6900.06,36.38,22730.84,5626.89,2519.63,169304.8,394071.65,22.2,107385.42,86399.11,82905.69,24479.73,48.97,77.2,60660.57,33319.52,27341.05
2_8_8_5,0.0,2559.02,7113.09,2318.21,23130.54,58473.91,178760.65,19.15,47489.26,36834.09,21639.82,25849.44,37.01,45.57,25397.06,18248.37,7148.68
2_8_9_4,7891.43,83.04,19597.6,5486.4,2566.29,167022.45,396334.92,21.18,108443.59,84816.24,82206.2,26237.39,49.22,75.81,59984.48,32840.65,27143.83
2_8_9_5,0.0,3489.32,6148.23,2114.1,24060.84,57304.94,179903.64,18.12,48040.62,36054.75,21250.19,26790.44,37.08,44.23,25171.14,18141.0,7030.14
2_8_10_4,7010.21,48.82,22654.85,5631.14,2532.07,169343.22,394311.07,22.15,107446.67,86404.97,82938.25,24508.42,48.98,77.19,60677.84,33327.95,27349.89
2_8_10_5,0.0,2712.68,7104.29,2319.86,23284.21,58466.76,178896.56,19.11,47523.11,36824.72,21642.04,25881.07,37.02,45.54,25419.77,18271.41,7148.36
2_8_11_4,6111.72,21.88,25503.68,5764.7,2505.12,171427.12,393827.15,23.08,106917.87,87824.9,83602.21,23315.65,48.77,78.19,61304.04,33760.99,27543.05
2_8_11_5,0.0,1965.6,8012.11,2518.05,22537.12,59572.76,178693.67,20.03,47268.64,37543.17,22029.59,25239.04,36.98,46.61,25661.5,18393.43,7268.07
2_8_12_4,5447.67,8.86,29052.53,5932.54,2492.11,174479.75,389193.62,24.07,105236.01,90454.16,84025.6,21210.41,48.16,79.84,62263.22,34609.85,27653.37
2_8_12_5,0.0,1481.04,9290.17,2792.89,22052.56,61125.67,176368.27,21.06,46378.86,38634.34,22491.33,23887.53,36.8,48.49,26091.5,18685.5,7406.0
2_9_0_4,19713.69,210.06,4638.64,4266.31,2784.51,162001.94,283668.8,14.73,78786.19,99980.09,62021.85,16764.34,38.28,78.72,27688.39,19345.51,8342.88
2_9_0_5,0.0,10033.19,1899.74,1084.17,31582.21,51786.35,131791.24,12.58,33777.64,35718.27,16068.08,17709.56,31.03,47.57,14131.25,12070.75,2060.49
2_9_1_4,17686.98,70.88,7631.04,4272.51,2645.33,162973.84,264668.42,15.97,72981.01,102916.5,60057.33,12923.68,36.85,82.29,27587.77,19563.02,8024.75
2_9_1_5,0.0,7488.1,2564.25,1169.16,29037.12,52535.84,123026.6,13.97,30868.23,36786.34,15749.51,15118.73,29.98,51.02,13747.7,11740.46,2007.24
2_9_2_4,17417.77,81.56,8278.5,4275.55,2656.01,163355.13,261935.77,16.11,72121.0,103693.04,59662.09,12458.91,36.52,82.72,27627.21,19692.54,7934.67
2_9_2_5,0.0,7242.6,2700.01,1194.55,28791.62,52697.0,121821.04,14.13,30467.53,37008.05,15688.94,14778.59,29.77,51.49,13719.0,11730.24,1988.76
2_9_3_4,16881.87,59.22,8388.82,4273.53,2633.67,162927.53,262294.76,16.28,72223.43,103197.63,59729.9,12493.53,36.66,82.7,27531.11,19562.43,7968.68
2_9_3_5,0.0,6696.31,2714.61,1182.48,28245.34,52699.53,121922.89,14.3,30496.75,36990.19,15709.34,14787.41,29.81,51.51,13633.91,11632.19,2001.72
2_9_4_4,17089.83,58.99,8156.45,4267.6,2633.44,162897.19,261087.89,16.19,71929.56,103367.64,59529.54,12400.02,36.54,82.76,27546.13,19589.26,7956.87
2_9_4_5,0.0,6834.32,2651.49,1171.59,28383.34,52625.51,121390.83,14.21,30343.15,36975.36,15650.15,14692.99,29.74,51.58,13649.65,11652.03,1997.62
2_9_5_4,17238.6,54.69,7186.26,4273.74,2629.14,162081.9,268412.96,16.0,74094.21,101660.06,60421.84,13672.37,37.28,81.55,27461.6,19376.75,8084.85
2_9_5_5,0.0,7084.39,2505.08,1146.72,28633.42,52454.23,124741.26,13.97,31425.37,36609.37,15844.86,15580.5,30.21,50.42,13676.09,11651.24,2024.85
2_9_6_4,16666.31,47.51,8044.85,4280.53,2621.96,162375.0,266818.87,16.29,73528.19,102122.67,60252.33,13275.86,37.11,81.94,27457.54,19435.81,8021.74
2_9_6_5,0.0,6548.57,2695.38,1177.7,28097.59,52675.51,124020.51,14.27,31155.13,36826.97,15848.54,15306.59,30.09,50.87,13604.91,11589.59,2015.32
2_9_7_4,16424.87,47.59,8854.78,4282.59,2622.03,162945.55,264805.36,16.51,72878.79,102805.03,60140.52,12738.27,36.91,82.52,27501.96,19494.51,8007.45
2_9_7_5,0.0,6311.44,2835.86,1202.9,27860.46,52841.19,123081.3,14.5,30835.44,36995.89,15845.31,14990.14,29.99,51.39,13579.8,11564.74,2015.06
2_9_8_4,16157.85,40.36,9309.93,4285.31,2614.82,163136.4,265201.35,16.68,72935.69,102912.83,60223.57,12712.12,36.92,82.57,27509.54,19509.83,7999.71
2_9_8_5,0.0,6034.95,2921.34,1215.77,27583.97,52939.54,123279.9,14.67,30879.11,37051.9,15887.64,14991.48,30.01,51.45,13541.55,11525.48,2016.07
2_9_9_4,17331.92,67.37,7574.69,4274.83,2641.82,162564.74,267811.5,16.07,73861.56,102238.91,60325.83,13535.72,37.11,81.67,27542.24,19510.96,8031.28
2_9_9_5,0.0,7176.87,2554.21,1160.82,28725.9,52517.47,124484.6,14.04,31329.7,36703.6,15813.87,15515.84,30.11,50.48,13695.46,11686.05,2009.41
2_9_10_4,16359.49,44.83,9110.13,4289.62,2619.28,163142.55,265143.36,16.6,72946.93,102938.52,60204.02,12742.91,36.9,82.53,27543.42,19543.52,7999.9
2_9_10_5,0.0,6230.05,2904.5,1219.49,27779.08,52926.43,123269.87,14.6,30893.97,37049.26,15877.17,15016.8,30.0,51.39,13567.11,11554.44,2012.67
2_9_11_4,15181.44,27.24,11060.5,4305.21,2601.69,163930.46,264071.78,17.21,72467.62,103583.42,60347.04,12120.58,36.81,83.27,27545.03,19541.11,8003.92
2_9_11_5,0.0,5202.81,3323.07,1290.4,26751.84,53415.91,122746.29,15.21,30649.7,37391.3,16024.61,14625.09,30.0,52.28,13439.56,11410.78,2028.79
2_9_12_4,14006.17,14.97,13392.19,4323.3,2589.42,165104.96,262399.83,17.84,71825.39,104697.14,60407.82,11417.57,36.59,84.1,27606.05,19593.1,8012.95
2_9_12_5,0.0,4255.29,3816.49,1381.42,25804.31,54000.35,121966.32,15.85,30321.99,37805.86,16194.49,14127.5,29.99,53.41,13336.29,11287.15,2049.15
2_10_0_4,26154.52,3481.05,9808.14,4494.91,6231.48,174164.09,318389.5,14.2,88313.57,105583.85,68580.25,19733.32,39.38,77.66,42760.91,26274.08,16486.83
2_10_0_5,0.0,21203.65,3301.38,1672.39,44596.86,53893.17,155009.43,11.89,40861.34,35798.01,18095.16,22766.18,33.58,44.28,20936.13,16572.3,4363.83
2_10_1_4,23505.35,2016.67,13490.03,4542.77,4767.09,175244.67,309821.34,15.6,85399.52,106907.64,68337.03,17062.5,39.0,80.02,42754.48,26327.27,16427.21
2_10_1_5,0.0,17517.77,4547.83,1780.41,40910.98,55247.64,150591.92,13.35,39301.03,36769.09,18478.54,20822.49,33.45,47.02,20598.07,16143.37,4454.7
2_10_2_4,22916.99,1849.45,14355.74,4551.42,4599.88,175530.68,306404.25,15.88,84322.06,107540.8,67989.88,16332.18,38.73,80.63,42790.58,26447.0,16343.57
2_10_2_5,0.0,16781.32,4815.42,1804.37,40174.53,55539.19,148860.9,13.65,38717.81,37029.84,18509.35,20208.47,33.33,47.81,20533.98,16072.96,4461.01
2_10_3_4,22427.01,1570.03,14877.42,4551.68,4320.45,175562.63,303091.19,16.11,83359.23,107926.31,67636.32,15722.92,38.53,81.14,42747.99,26489.08,16258.92
2_10_3_5,0.0,16052.26,4977.88,1808.97,39445.48,55706.24,147157.98,13.9,38175.64,37214.55,18491.69,19683.95,33.2,48.44,20442.98,15986.59,4456.39
2_10_4_4,22502.73,1590.17,15271.59,4561.93,4340.59,176042.78,302090.89,16.17,83056.45,108408.12,67634.66,15421.79,38.42,81.43,42867.29,26608.24,16259.05
2_10_4_5,0.0,16179.58,5164.28,1846.72,39572.8,55930.4,146647.71,13.97,38019.31,37388.78,18541.62,19477.7,33.15,48.77,20520.24,16052.03,4468.21
2_10_5_4,23339.69,1889.32,13528.21,4528.58,4639.74,175103.0,301577.52,15.62,83084.11,108023.65,67079.35,16004.76,38.31,80.74,42695.47,26567.93,16127.55
2_10_5_5,0.0,17104.21,4506.74,1758.97,40497.42,55185.1,146361.31,13.42,38001.31,36994.59,18190.51,19810.8,32.96,47.87,20507.79,16123.17,4384.63
2_10_6_4,22387.37,1516.95,14878.24,4553.7,4267.38,175525.83,298379.5,16.11,81993.68,108789.04,66736.79,15256.88,38.02,81.39,42730.53,26684.69,16045.84
2_10_6_5,0.0,15863.73,5033.7,1814.54,39256.94,55767.64,144724.62,13.94,37406.67,37446.81,18320.83,19085.84,32.85,48.98,20425.0,16009.41,4415.59
2_10_7_4,21860.29,1405.95,16312.7,4574.91,4156.37,176454.42,295152.75,16.51,80926.64,109981.38,66473.05,14453.59,37.67,82.14,42935.49,26951.63,15983.86
2_10_7_5,0.0,15259.83,5563.34,1886.29,38653.04,56369.02,143075.75,14.35,36836.64,37935.34,18433.68,18402.95,32.7,50.04,20461.56,16019.51,4442.05
2_10_8_4,21247.88,1231.17,16545.22,4572.05,3981.59,176071.68,295838.77,16.67,81105.33,109463.81,66607.86,14497.47,37.83,82.13,42813.19,26797.22,16015.96
2_10_8_5,0.0,14549.54,5622.12,1876.33,37942.76,56417.85,143430.16,14.51,36942.63,37928.88,18488.97,18453.67,32.77,50.05,20345.97,15890.45,4455.52
2_10_9_4,23037.56,1742.76,13819.81,4530.95,4493.18,175094.85,300545.08,15.78,82747.11,108198.73,66896.11,15851.0,38.21,80.84,42666.94,26583.56,16083.39
2_10_9_5,0.0,16693.97,4581.0,1763.11,40087.19,55263.51,145853.22,13.6,37820.9,37078.0,18185.51,19635.39,32.91,48.08,20452.86,16069.35,4383.5
2_10_10_4,21476.25,1272.07,16032.53,4564.01,4022.49,175779.31,295573.12,16.57,81082.23,109326.07,66453.24,14628.99,37.8,81.96,42745.98,26768.54,15977.44
2_10_10_5,0.0,14813.35,5363.71,1845.96,38206.56,56129.06,143282.08,14.41,36903.57,37739.1,18389.96,18513.61,32.76,49.83,20321.33,15889.96,4431.37
2_10_11_4,19902.06,854.08,18501.35,4600.46,3604.5,176710.4,291982.82,17.37,79790.8,110504.31,66206.09,13584.71,37.47,82.97,42891.07,26972.58,15918.49
2_10_11_5,0.0,13022.76,6299.75,1958.47,36415.97,57177.62,141455.8,15.24,36221.0,38489.81,18687.81,17533.19,32.68,51.59,20249.65,15748.61,4501.04
2_10_12_4,18454.4,583.55,22351.86,4663.53,3333.97,179176.31,286111.93,18.33,77812.26,113450.75,65725.56,12086.7,36.68,84.47,43436.75,27632.79,15803.96
2_10_12_5,0.0,11493.87,7819.17,2169.08,34887.08,58907.65,138519.32,16.24,35173.29,39753.8,19153.85,16019.44,32.52,54.46,20387.27,15777.08,4610.19
2_11_0_4,15618.14,1400.74,6405.11,4849.03,4118.57,160684.91,363670.06,14.7,101502.38,86256.19,74428.71,27073.67,46.32,73.33,41922.92,23617.35,18305.57
2_11_0_5,0.0,12499.76,2484.59,1538.15,35548.3,52980.53,168295.73,11.93,45235.12,34367.72,18612.81,26622.31,35.13,41.15,20062.14,15508.1,4554.04
2_11_1_4,13629.46,723.21,8531.34,4891.26,3441.04,160864.68,346677.24,15.97,96315.85,87621.39,73243.29,23072.56,45.53,76.04,41792.17,23796.34,17995.82
2_11_1_5,0.0,9777.28,3157.61,1614.45,32825.81,53729.85,160005.74,13.33,42486.77,35190.97,18538.88,23947.89,34.5,43.63,19749.93,15220.08,4529.86
2_11_2_4,13359.73,687.3,9108.62,4902.42,3405.13,161183.4,343289.22,16.17,95283.14,88114.16,73069.23,22213.9,45.33,76.69,41852.59,23903.49,17949.1
2_11_2_5,0.0,9461.46,3318.66,1642.53,32510.0,53918.99,158410.92,13.55,41956.06,35376.87,18542.11,23413.95,34.39,44.19,19738.15,15208.69,4529.46
2_11_3_4,12972.57,576.08,9294.0,4902.62,3293.92,160981.82,341623.44,16.35,94795.06,88013.0,72968.82,21826.25,45.33,76.98,41770.48,23842.92,17927.56
2_11_3_5,0.0,8985.4,3384.15,1641.28,32033.94,53983.22,157535.1,13.75,41686.4,35447.51,18535.71,23150.69,34.34,44.46,19667.87,15139.1,4528.76
2_11_4_4,13145.74,604.36,9293.38,4897.16,3322.19,161148.89,341985.67,16.32,94885.6,88146.93,73001.96,21883.63,45.3,76.94,41821.09,23887.01,17934.08
2_11_4_5,0.0,9174.38,3357.18,1639.22,32222.92,53954.19,157741.89,13.71,41736.04,35427.2,18526.99,23209.05,34.34,44.39,19694.76,15168.71,4526.05
2_11_5_4,13509.21,771.09,8598.43,4903.76,3488.93,160824.03,350425.32,15.96,97340.36,87140.72,73683.31,23657.05,45.82,75.7,41783.8,23679.83,18103.97
2_11_5_5,0.0,9744.88,3190.67,1622.02,32793.42,53770.48,161827.39,13.29,43044.13,35112.94,18657.54,24386.59,34.7,43.35,19754.09,15194.58,4559.51
2_11_6_4,12867.19,634.91,9397.12,4932.53,3352.74,161009.46,349836.02,16.38,97003.13,87146.79,73862.67,23140.46,45.87,76.14,41785.73,23643.35,18142.38
2_11_6_5,0.0,9010.8,3456.0,1664.6,32059.33,54078.39,161536.44,13.71,42873.36,35298.19,18780.2,24093.16,34.73,43.8,19695.58,15107.81,4587.77
2_11_7_4,12405.5,553.16,10150.08,4953.3,3270.99,161321.49,348013.77,16.73,96354.18,87410.43,73911.06,22443.12,45.82,76.71,41835.13,23683.48,18151.65
2_11_7_5,0.0,8468.95,3688.1,1704.02,31517.48,54349.91,160651.25,14.08,42540.96,35492.95,18856.96,23684.0,34.7,44.33,19663.2,15057.73,4605.47
2_11_8_4,12087.42,502.93,10677.91,4964.76,3220.77,161542.72,346395.06,16.96,95813.97,87695.25,73847.47,21966.5,45.71,77.07,41872.2,23741.31,18130.88
2_11_8_5,0.0,8101.96,3852.45,1732.25,31150.5,54542.49,159876.2,14.32,42260.36,35643.81,18898.68,23361.68,34.65,44.72,19643.49,15029.17,4614.32
2_11_9_4,13571.06,782.93,8950.31,4913.12,3500.77,161247.1,348603.58,16.08,96779.93,87592.79,73654.31,23125.62,45.68,76.1,41896.21,23800.13,18096.08
2_11_9_5,0.0,9810.6,3288.6,1649.72,32859.13,53896.1,160971.27,13.43,42754.23,35227.69,18668.42,24085.82,34.64,43.66,19795.63,15234.46,4561.17
2_11_10_4,12369.91,564.23,10265.04,4952.27,3282.06,161399.84,346128.68,16.76,95837.84,87683.91,73715.93,22121.91,45.67,76.92,41857.86,23755.96,18101.9
2_11_10_5,0.0,8452.54,3728.07,1714.59,31501.08,54400.45,159732.54,14.13,42260.19,35575.23,18825.22,23434.97,34.6,44.55,19672.36,15075.28,4597.08
2_11_11_4,11239.89,395.39,11772.97,4994.87,3113.23,161820.36,344303.92,17.49,95065.47,87941.88,73878.48,21187.0,45.65,77.71,41898.43,23763.57,18134.86
2_11_11_5,0.0,7209.65,4202.74,1792.41,30258.18,54952.93,158874.55,14.86,41881.52,35945.09,19007.84,22873.68,34.59,45.38,19582.56,14942.71,4639.85
2_11_12_4,10393.77,295.13,13879.84,5057.09,3012.96,163143.32,341733.02,18.24,94071.13,88968.46,74174.86,19896.27,45.47,78.85,42177.75,23978.1,18199.64
2_11_12_5,0.0,6341.6,4851.3,1925.38,29390.14,55734.47,157652.79,15.63,41385.27,36463.05,19271.42,22113.85,34.58,46.57,19614.41,14913.22,4701.19
2_12_0_4,28900.09,7648.63,9461.95,4636.23,10602.23,176539.48,330942.47,13.39,92758.79,104843.56,71695.92,21062.86,40.61,77.29,71878.46,45102.11,26776.35
2_12_0_5,0.0,26055.76,3449.29,1896.77,51597.19,54205.63,162263.13,11.01,43487.47,35188.45,19017.19,24470.29,35.08,43.73,30346.9,23320.5,7026.4
2_12_1_4,26810.33,5625.47,12796.8,4635.32,8579.07,177783.66,313343.09,14.53,87435.36,107862.46,69921.2,17514.17,39.33,79.97,71580.52,45429.65,26150.87
2_12_1_5,0.0,22813.53,4527.42,1985.4,48354.97,55372.39,153241.39,12.27,40571.61,36349.19,19023.21,21548.4,34.36,46.89,30104.45,23098.89,7005.56
2_12_2_4,26442.53,5552.52,13545.09,4648.52,8506.12,178177.35,310839.38,14.71,86615.09,108602.06,69575.29,17039.8,39.05,80.33,71651.68,45677.76,25973.92
2_12_2_5,0.0,22349.94,4798.06,2019.02,47891.37,55676.66,151925.74,12.46,40096.66,36602.75,19073.91,21022.75,34.26,47.57,30110.77,23102.67,7008.1
2_12_3_4,25914.35,5141.99,13268.29,4628.83,8095.6,177352.69,313359.72,14.82,87339.3,107515.51,69837.17,17502.13,39.38,79.96,71262.59,45183.71,26078.88
2_12_3_5,0.0,21700.98,4665.76,1977.12,47242.42,55502.46,153232.13,12.55,40507.69,36425.89,19076.57,21431.12,34.37,47.09,29944.64,22927.08,7017.55
2_12_4_4,26161.59,5262.53,13249.24,4630.98,8216.14,177583.01,312446.37,14.77,87112.28,107792.32,69790.7,17321.58,39.3,80.12,71405.77,45324.53,26081.24
2_12_4_5,0.0,21995.87,4647.56,1984.8,47537.31,55491.94,152752.78,12.51,40383.73,36449.87,19042.07,21341.66,34.32,47.15,30000.07,22989.59,7010.48
2_12_5_4,26064.3,5151.62,12352.95,4620.2,8105.22,176578.68,316346.45,14.66,88249.79,106430.5,70148.18,18101.61,39.73,79.49,71029.16,44843.38,26185.78
2_12_5_5,0.0,21864.19,4364.04,1931.7,47405.62,55155.31,154720.08,12.37,41007.66,36140.0,19015.31,21992.35,34.48,46.37,29869.78,22866.3,7003.48
2_12_6_4,25524.36,4895.08,13154.05,4630.65,7848.68,176850.27,313951.38,14.89,87457.68,106970.4,69879.87,17577.81,39.51,79.9,70990.75,44937.85,26052.91
2_12_6_5,0.0,21167.86,4644.11,1961.67,46709.29,55465.36,153473.5,12.62,40572.81,36390.31,19075.05,21497.75,34.39,47.01,29833.44,22821.61,7011.84
2_12_7_4,24930.42,4601.34,14159.32,4639.9,7554.94,177270.85,312348.87,15.23,86882.44,107457.23,69813.62,17068.82,39.38,80.35,71004.85,44974.25,26030.6
2_12_7_5,0.0,20437.72,4996.27,1998.73,45979.15,55854.57,152669.53,12.97,40272.83,36671.84,19182.74,21090.1,34.34,47.63,29827.8,22782.23,7045.57
2_12_8_4,24579.43,4284.3,14291.88,4629.41,7237.9,177041.93,312802.13,15.37,86994.74,107218.79,69823.14,17171.61,39.44,80.26,70851.69,44819.15,26032.55
2_12_8_5,0.0,19944.85,5001.59,1985.71,45486.28,55846.88,152903.58,13.1,40330.75,36651.53,19195.35,21135.4,34.37,47.59,29739.48,22687.32,7052.16
2_12_9_4,26064.3,5002.06,12352.58,4616.66,7955.67,176574.76,316738.6,14.71,88316.39,106488.04,70086.72,18229.67,39.69,79.36,70996.54,44890.44,26106.11
2_12_9_5,0.0,21741.72,4328.99,1923.96,47283.15,55112.52,154914.48,12.42,41030.91,36112.18,19000.34,22030.57,34.48,46.31,29828.46,22839.62,6988.84
2_12_10_4,24676.44,4258.44,13924.5,4634.59,7212.04,176776.74,313769.08,15.28,87314.38,106918.92,69857.82,17456.56,39.52,80.01,70768.4,44739.97,26028.43
2_12_10_5,0.0,20100.71,4930.64,1985.04,45642.14,55775.26,153401.42,13.01,40493.72,36580.44,19194.82,21298.9,34.41,47.4,29733.32,22686.34,7046.99
2_12_11_4,23202.54,3497.83,16095.29,4659.36,6451.43,177498.4,311887.2,15.97,86540.39,107705.69,69792.71,16747.68,39.32,80.65,70681.99,44696.69,25985.3
2_12_11_5,0.0,18275.17,5678.5,2061.34,43816.6,56599.42,152434.06,13.72,40085.92,37133.07,19466.34,20619.58,34.39,48.56,29652.7,22527.42,7125.27
2_12_12_4,21911.25,3035.94,18366.21,4683.42,5989.54,178502.09,310069.37,16.6,85829.17,108684.11,69817.99,16011.18,39.11,81.35,70763.64,44745.83,26017.81
2_12_12_5,0.0,16843.77,6480.55,2157.21,42385.2,57497.33,151520.79,14.36,39728.24,37751.34,19745.99,19982.24,34.34,49.7,29672.61,22459.75,7212.86
2_13_0_4,25035.59,5728.44,4000.02,4551.87,8669.0,167022.59,329886.52,11.4,93750.25,94564.31,72458.28,21291.97,43.38,77.29,22366.1,15038.44,7327.66
2_13_0_5,0.0,23181.61,1432.21,1649.9,48597.47,51903.3,156567.47,8.95,42385.2,32803.55,19099.75,23285.45,36.8,45.06,15270.48,13310.37,1960.11
2_13_1_4,23302.95,4203.67,5858.17,4556.78,7144.23,167153.03,310468.06,12.59,87842.6,96707.73,70445.29,17397.31,42.14,80.19,21962.23,14827.17,7135.06
2_13_1_5,0.0,20131.97,1873.55,1658.82,45547.83,52353.55,147115.76,10.28,39213.31,33553.88,18799.67,20413.64,35.91,47.94,14750.79,12826.16,1924.63
2_13_2_4,23148.7,4266.77,6213.98,4559.62,7207.33,167357.43,306978.18,12.72,86769.81,97412.35,69945.08,16824.72,41.79,80.61,21992.77,14921.02,7071.75
2_13_2_5,0.0,19921.81,1959.57,1674.46,45337.66,52455.22,145462.24,10.43,38641.08,33717.9,18737.31,19903.77,35.72,48.49,14721.49,12807.25,1914.24
2_13_3_4,22631.36,3957.64,6218.48,4555.52,6898.2,166840.47,308437.34,12.91,87152.97,96737.49,70102.99,17049.99,42.02,80.44,21870.65,14784.24,7086.41
2_13_3_5,0.0,19247.14,1964.34,1652.83,44662.99,52438.35,146163.09,10.61,38854.48,33660.0,18778.35,20076.13,35.81,48.33,14597.92,12679.2,1918.72
2_13_4_4,22718.78,3968.32,6102.77,4551.5,6908.88,166808.17,307202.16,12.87,86830.59,96906.19,69901.98,16928.61,41.91,80.5,21875.51,14807.1,7068.41
2_13_4_5,0.0,19299.51,1941.0,1649.38,44715.37,52411.57,145556.57,10.58,38672.48,33683.35,18728.22,19944.26,35.73,48.43,14605.65,12691.7,1913.95
2_13_5_4,22607.67,3916.86,5457.04,4554.91,6857.42,166054.74,316298.05,12.7,89494.58,95069.92,70984.83,18509.75,42.75,79.32,21787.01,14603.34,7183.67
2_13_5_5,0.0,19354.42,1823.61,1622.27,44770.27,52267.07,149942.94,10.34,40115.59,33343.78,18923.29,21192.3,36.21,47.17,14603.55,12666.0,1937.55
2_13_6_4,22250.54,3787.66,5806.83,4562.13,6728.21,166054.62,314262.43,12.9,88811.8,95367.9,70686.72,18125.08,42.57,79.59,21736.67,14595.32,7141.35
2_13_6_5,0.0,18845.44,1919.41,1630.26,44261.3,52370.85,148967.4,10.56,39754.12,33468.79,18902.06,20852.06,36.09,47.55,14520.01,12588.05,1931.97
2_13_7_4,21948.41,3676.16,6259.52,4565.36,6616.72,166208.41,311769.53,13.14,88021.14,95745.97,70462.44,17558.71,42.39,80.05,21702.83,14583.77,7119.06
2_13_7_5,0.0,18411.34,2015.15,1639.07,43827.2,52475.41,147772.59,10.82,39338.08,33592.13,18883.28,20454.8,35.99,48.0,14449.88,12520.45,1929.43
2_13_8_4,21567.8,3416.8,6428.33,4563.64,6357.36,165994.89,311438.59,13.33,87883.12,95583.4,70411.49,17471.63,42.42,80.12,21621.71,14509.8,7111.91
2_13_8_5,0.0,17868.86,2065.04,1634.31,43284.72,52520.54,147609.08,11.01,39265.28,33623.52,18897.01,20368.27,35.98,48.13,14355.21,12425.51,1929.71
2_13_9_4,22847.67,4023.84,5582.1,4560.19,6964.39,166425.08,315572.83,12.73,89234.06,95609.91,70815.18,18418.89,42.55,79.36,21856.1,14711.28,7144.81
2_13_9_5,0.0,19584.84,1850.66,1637.86,45000.7,52309.71,149620.07,10.39,39980.81,33410.77,18898.93,21081.87,36.13,47.27,14649.49,12718.38,1931.11
2_13_10_4,21933.16,3550.12,6352.46,4569.88,6490.68,166290.63,312596.56,13.2,88239.77,95737.35,70553.28,17686.5,42.43,79.96,21713.39,14595.52,7117.87
2_13_10_5,0.0,18383.56,2070.2,1655.88,43799.42,52547.26,148169.03,10.88,39451.98,33617.84,18929.42,20522.55,36.02,47.98,14450.81,12519.54,1931.26
2_13_11_4,20759.43,3083.97,7398.8,4588.32,6024.53,166181.67,310359.44,13.83,87384.75,95798.53,70383.15,17001.61,42.35,80.54,21536.88,14438.15,7098.73
2_13_11_5,0.0,16866.99,2368.21,1681.58,42282.85,52870.98,147081.89,11.52,39009.18,33850.65,19020.33,19988.85,35.97,48.76,14202.58,12265.37,1937.21
2_13_12_4,19561.18,2682.37,8613.1,4612.98,5622.93,166222.38,308187.86,14.48,86553.63,95957.9,70264.48,16289.15,42.27,81.18,21384.5,14289.43,7095.07
2_13_12_5,0.0,15397.56,2721.05,1723.67,40813.42,53265.91,146041.63,12.19,38581.73,34122.21,19143.7,19438.03,35.94,49.62,13970.03,12022.09,1947.94
2_14_0_4,34496.01,12265.13,4418.31,4778.91,15462.18,177116.01,331866.53,9.31,94846.73,104964.69,72151.32,22695.41,40.74,76.07,71063.28,46124.06,24939.22
2_14_0_5,0.0,37609.41,1727.24,2000.23,65732.99,52544.19,163609.93,6.93,44767.25,33319.56,19224.63,25542.62,36.59,42.94,32196.79,25548.92,6647.87
2_14_1_4,32586.65,9510.85,6471.83,4746.67,12707.89,177227.93,313046.91,10.52,89046.67,107283.96,69943.96,19102.7,39.47,78.55,70316.04,46142.33,24173.71
2_14_1_5,0.0,33748.42,2298.12,1988.2,61871.99,53103.04,153867.16,8.27,41498.24,34153.49,18949.55,22548.69,35.68,45.66,31654.24,25121.1,6533.15
2_14_2_4,32336.95,9537.2,6826.15,4749.11,12734.24,177335.0,309647.08,10.64,87990.69,107924.15,69410.84,18579.85,39.14,78.88,70340.84,46374.49,23966.35
2_14_2_5,0.0,33336.58,2399.4,1992.91,61460.15,53209.03,152092.6,8.41,40886.83,34323.91,18885.12,22001.7,35.49,46.19,31612.2,25108.09,6504.11
2_14_3_4,31704.85,9067.21,6738.32,4740.17,12264.25,176606.12,310964.3,10.83,88340.49,107092.61,69513.5,18826.99,39.36,78.69,69966.03,45963.48,24002.55
2_14_3_5,0.0,32447.8,2368.35,1959.41,60571.37,53144.48,152778.56,8.59,41091.95,34246.57,18897.91,22194.04,35.56,45.99,31431.71,24920.46,6511.24
2_14_4_4,31876.86,9069.88,6652.56,4738.14,12266.93,176690.34,309807.48,10.79,88040.28,107337.88,69352.45,18687.82,39.25,78.77,70015.98,46064.19,23951.79
2_14_4_5,0.0,32584.96,2341.22,1959.85,60708.53,53117.79,152160.26,8.56,40911.68,34265.42,18852.36,22059.31,35.49,46.08,31449.27,24952.03,6497.24
2_14_5_4,31659.79,8980.9,5980.55,4740.11,12177.94,175803.23,318757.97,10.62,90669.89,105293.98,70509.25,20160.64,40.11,77.76,69686.92,45337.59,24349.33
2_14_5_5,0.0,32604.91,2188.46,1934.87,60728.48,52940.05,156788.17,8.32,42424.16,33878.99,19061.06,23363.11,36.0,44.93,31397.86,24824.07,6573.79
2_14_6_4,31143.56,8667.23,6367.45,4740.83,11864.28,175674.63,316787.82,10.82,89998.11,105471.25,70203.38,19794.73,39.96,78.01,69525.26,45308.56,24216.7
2_14_6_5,0.0,31786.72,2308.3,1931.14,59910.29,53056.16,155722.45,8.54,42030.84,34006.97,19049.18,22981.65,35.9,45.32,31282.48,24721.24,6561.24
2_14_7_4,30775.98,8335.71,6822.45,4737.38,11532.75,175758.59,314352.71,11.06,89222.69,105820.41,69938.18,19284.51,39.79,78.39,69440.45,45312.05,24128.41
2_14_7_5,0.0,31155.96,2418.64,1930.21,59279.53,53165.57,154470.88,8.79,41596.55,34141.95,19023.62,22572.93,35.78,45.73,31199.52,24649.71,6549.81
2_14_8_4,30325.01,7947.15,6977.56,4730.03,11144.19,175455.38,313972.37,11.25,89073.1,105603.53,69851.85,19221.25,39.81,78.42,69228.38,45132.57,24095.81
2_14_8_5,0.0,30475.46,2469.0,1919.61,58599.03,53205.33,154285.58,8.99,41516.04,34182.25,19023.08,22492.96,35.75,45.82,31088.09,24539.36,6548.73
2_14_9_4,31983.78,9172.09,6209.91,4749.33,12369.13,176365.8,317969.11,10.66,90393.02,106034.33,70331.48,20061.55,39.88,77.81,69938.26,45684.32,24253.94
2_14_9_5,0.0,32946.28,2245.91,1956.78,61069.85,53019.42,156348.63,8.37,42247.17,33976.9,19042.52,23204.66,35.92,45.07,31484.26,24924.56,6559.7
2_14_10_4,30956.97,8337.46,6990.54,4747.62,11534.51,176117.92,314999.17,11.13,89403.49,106142.56,69975.36,19428.13,39.73,78.27,69601.46,45469.11,24132.35
2_14_10_5,0.0,31423.75,2510.14,1960.59,59547.32,53287.45,154858.89,8.86,41705.78,34215.04,19072.41,22633.37,35.79,45.73,31287.76,24723.9,6563.86
2_14_11_4,29548.98,7271.84,8158.28,4754.41,10468.88,175884.45,312855.2,11.75,88561.39,106120.63,69763.82,18797.56,39.66,78.77,69158.13,45111.29,24046.85
2_14_11_5,0.0,29306.06,2876.52,1961.85,57429.64,53655.09,153710.52,9.5,41240.54,34474.31,19180.79,22059.75,35.75,46.51,31009.97,24420.81,6589.16
2_14_12_4,28098.05,6321.47,9570.14,4766.15,9518.51,175857.13,310755.06,12.4,87744.19,106198.19,69658.93,18085.26,39.61,79.39,68791.48,44779.0,24012.48
2_14_12_5,0.0,27199.01,3301.58,1974.02,55322.58,54092.33,152661.59,10.17,40815.43,34773.18,19319.14,21496.29,35.72,47.33,30756.39,24130.7,6625.69
2_15_0_4,46944.22,41087.78,1475.74,4194.15,44495.72,183976.66,278974.29,4.3,80107.41,117884.11,66092.55,14014.86,35.92,82.5,80400.38,57986.31,22414.07
2_15_0_5,19.88,60266.86,857.43,2546.4,90640.53,51494.92,132267.78,2.22,34298.46,33619.82,17875.1,16423.36,34.71,52.12,36451.48,30353.53,6097.96
2_15_1_4,40308.46,32882.47,3512.73,4140.31,36290.4,179324.06,273189.33,6.79,77713.88,114190.24,65133.82,12580.06,36.32,83.81,76702.5,54626.94,22075.57
2_15_1_5,11.47,49774.05,1407.28,2402.64,80147.72,51892.6,129443.66,4.75,33102.42,34000.67,17891.93,15210.49,34.48,54.05,34659.32,28564.89,6094.44
2_15_2_4,40340.83,32477.86,3588.92,4151.84,35885.8,179444.15,274358.19,6.92,78003.1,114196.49,65247.66,12755.44,36.36,83.65,76675.52,54575.4,22100.12
2_15_2_5,11.09,49594.72,1464.54,2418.34,79968.39,51965.18,130027.28,4.88,33263.55,34022.5,17942.68,15320.88,34.53,53.94,34650.01,28542.63,6107.38
2_15_3_4,41453.86,32823.16,3375.16,4155.31,36231.1,180346.88,275046.83,6.78,78259.92,114916.47,65430.41,12829.51,36.28,83.61,77123.56,54954.06,22169.49
2_15_3_5,11.27,50776.09,1366.01,2423.57,81149.76,51872.05,130354.72,4.73,33396.68,33937.33,17934.72,15461.97,34.57,53.7,34835.16,28727.3,6107.86
2_15_4_4,41892.47,33573.26,3097.26,4145.52,36981.2,180497.81,274278.28,6.52,78124.59,115156.77,65341.03,12783.56,36.2,83.64,77343.32,55194.07,22149.25
2_15_4_5,11.49,51549.1,1261.29,2413.44,81922.77,51757.43,129945.26,4.47,33305.76,33895.13,17862.3,15443.46,34.51,53.63,34939.16,28852.32,6086.85
2_15_5_4,41995.59,34051.62,2962.89,4139.22,37459.56,180460.25,268926.57,6.33,76555.94,116299.21,64161.05,12394.9,35.55,83.81,77437.35,55732.11,21705.24
2_15_5_5,11.44,51800.95,1240.83,2416.22,82174.62,51739.69,127397.15,4.33,32444.97,34135.97,17603.73,14841.25,34.02,54.26,34980.03,28995.06,5984.96
2_15_6_4,41437.76,32928.53,3212.28,4137.32,36336.46,180149.92,268267.44,6.66,76278.47,116103.01,64046.91,12231.56,35.55,83.96,77075.08,55410.03,21665.05
2_15_6_5,9.68,50634.91,1311.53,2404.2,81008.59,51796.61,127074.24,4.66,32306.06,34190.4,17606.21,14699.85,33.99,54.5,34784.84,28800.36,5984.47
2_15_7_4,41075.1,32701.13,3327.79,4150.01,36109.06,179915.45,270001.83,6.75,76796.95,115454.59,64460.86,12336.09,35.83,83.94,76928.05,55101.14,21826.91
2_15_7_5,9.49,50224.35,1396.48,2421.11,80598.02,51898.28,127906.78,4.74,32595.14,34158.94,17739.35,14855.79,34.18,54.42,34742.74,28707.75,6034.99
2_15_8_4,40695.56,32669.48,3358.59,4149.46,36077.42,179566.17,270688.33,6.78,76988.17,115029.43,64536.74,12451.43,35.94,83.83,76780.77,54930.82,21849.94
2_15_8_5,9.96,49897.92,1423.05,2418.71,80271.59,51922.92,128249.37,4.76,32700.26,34145.33,17777.59,14922.67,34.24,54.37,34691.3,28643.56,6047.74
2_15_9_4,42005.0,33503.54,2833.65,4136.8,36911.48,180338.01,270203.23,6.42,76960.29,115926.8,64411.21,12549.08,35.72,83.69,77287.51,55484.39,21803.12
2_15_9_5,9.25,51420.8,1214.7,2399.96,81794.47,51695.12,128029.41,4.41,32673.79,34040.49,17654.63,15019.16,34.15,54.03,34894.76,28887.92,6006.84
2_15_10_4,41230.14,32212.4,3223.97,4139.31,35620.34,179955.98,270659.18,6.88,76967.92,115464.09,64491.88,12476.04,35.84,83.79,76845.92,55020.72,21825.2
2_15_10_5,8.38,50046.23,1338.81,2398.66,80419.9,51817.05,128232.05,4.86,32685.89,34097.14,17719.91,14965.98,34.2,54.21,34682.65,28656.39,6026.26
2_15_11_4,40353.07,31754.09,3446.65,4143.27,35162.03,179305.55,272240.04,7.08,77392.12,114501.13,64804.41,12587.7,36.14,83.74,76473.02,54531.2,21941.82
2_15_11_5,8.3,49069.82,1439.93,2401.36,79443.49,51920.79,128995.51,5.05,32932.05,34079.65,17841.14,15090.92,34.36,54.18,34537.86,28467.78,6070.08
2_15_12_4,39142.74,30551.21,3836.41,4134.36,33959.15,178476.07,273102.91,7.49,77552.91,113463.78,65012.29,12540.63,36.43,83.83,75857.44,53835.65,22021.79
2_15_12_5,6.5,47341.3,1558.8,2386.08,77714.97,52022.58,129397.74,5.45,33027.79,34083.18,17939.4,15088.39,34.48,54.32,34253.92,28148.92,6105.0
