,1,5,25,50,75,95,99,date
0,-2.9583499574661256,-2.557374787330627,-0.8097402229905128,-0.07403384149074554,1.0267597138881683,2.9146694779396043,3.360206310749053,1960-01-01
1,-0.9122220754623412,-0.9096082448959351,-0.8917995691299438,0.9771744012832642,1.2752370238304138,2.1317413330078114,2.399566040039062,1960-02-01
2,-1.367762007713318,-1.284100604057312,-0.9209690093994141,-0.18823616206645966,0.416607990860939,1.432244914770126,1.587230232954025,1960-03-01
3,-1.242018461227417,-1.2004377841949463,-1.0690081119537354,-0.8103872537612915,0.0015418678522109985,0.2550197795033454,0.2736602059006691,1960-04-01
4,-2.4728619480133056,-2.3445791721343996,-1.962307095527649,-1.0763742923736572,-0.24946733564138412,0.4672760710120198,0.5848614642024037,1960-05-01
5,-4.181472597122192,-3.7110262393951414,-2.171134829521179,-1.7127629518508911,-0.8313137739896774,-0.4557152897119522,-0.4536430579423904,1960-06-01
6,-3.2241624093055723,-2.765899288654327,-1.3731734156608582,-0.8414880037307739,-0.5447091460227966,-0.13567124470137093,-0.02214245717041218,1960-07-01
7,-2.8402045345306397,-2.7138991832733157,-1.7216862440109253,-1.0190625190734863,-0.23392990976572037,-0.04896626072004452,-0.0007697191275657222,1960-08-01
8,-4.010064043998718,-3.604202818870544,-1.897535264492035,-1.041252613067627,-0.629342794418335,0.010814951360225339,0.12769257754087424,1960-09-01
9,-2.36654381275177,-2.1547767877578736,-1.3975924849510193,-0.3479330241680145,0.18597599118947983,0.3527821779251098,0.38433874607086177,1960-10-01
10,-0.6808567959070205,-0.5926296502351761,-0.16110644349828362,0.7351543307304382,2.158470869064331,3.0223482847213745,3.0264787435531613,1960-11-01
11,-2.5352819108963014,-2.341450524330139,-1.6800182461738586,-0.0029296875,0.8965147137641907,1.3808272838592528,1.4488559436798094,1960-12-01
12,-0.8982880833745003,-0.7270220533013344,-0.14139411598443985,0.6896756291389465,1.1739227771759033,1.5335099577903746,1.609554717540741,1961-01-01
13,-2.180320258140564,-1.9510197401046754,-1.246660053730011,0.014249298721551895,0.5483790216967463,2.0386889457702626,2.3714731788635244,1961-02-01
14,-1.9003039979934693,-1.6812504053115844,-0.8604171872138977,-0.5526962876319885,0.6766503676772118,1.8998680591583244,2.1287067508697506,1961-03-01
15,-1.8228521800041197,-1.7120182394981385,-1.2980676889419556,-1.0109574794769287,0.8164414763450623,1.0251424610614777,1.0597159922122954,1961-04-01
16,-2.4182237362861634,-2.2182177186012266,-1.3840208053588867,-1.1330927610397339,-1.0182232558727264,-0.7370712101459506,-0.6648969995975496,1961-05-01
17,-1.7866234874725342,-1.7412124156951905,-1.39218407869339,-1.0693323612213135,-0.311916783452034,0.47078585624694763,0.6827561855316158,1961-06-01
18,-4.529544167518616,-4.194294476509095,-2.6076820492744446,-1.076171875,-1.0008728504180908,-0.7326364576816562,-0.6428324234485628,1961-07-01
19,-4.657808384895324,-4.0864643335342405,-1.9653931856155396,-1.2455339431762695,-1.0058130621910095,-0.19444096982479167,0.036728332638740056,1961-08-01
20,-2.6744311952590945,-2.4895199060440065,-1.8595855236053467,-1.2541546821594238,-0.858237236738205,-0.5421307981014252,-0.5397640883922576,1961-09-01
21,-1.3949213910102845,-1.3850459694862365,-0.8772148042917252,-0.150382399559021,0.15982272289693356,0.6812049746513362,0.816709744930267,1961-10-01
22,-0.8094696009159088,-0.8045198738574981,-0.5888270884752274,-0.11107277870178223,0.12655282579362392,1.3313326448202123,1.6943915289640419,1961-11-01
23,-0.22746298134326934,-0.18459676802158356,0.26707854866981506,1.460954189300537,2.2229626774787903,3.0859114170074458,3.2243825244903563,1961-12-01
24,-0.5076602935791015,-0.24523210525512693,0.6657958626747131,1.0323162078857422,1.2025715708732605,1.9233697175979607,2.165142693519592,1962-01-01
25,-1.7274241304397584,-1.6722463846206665,-1.370421588420868,-0.49626949429512024,0.4266669750213623,0.4402344852685928,0.4405646687746048,1962-02-01
26,-1.8520416188240052,-1.5410503983497619,-0.6050727963447571,-0.5267723202705383,0.471977598965168,1.4649918437004086,1.6167167258262631,1962-03-01
27,-1.4535341215133666,-1.3805255651474,-1.032116562128067,-0.5673828125,-0.11323390901088715,1.0144475817680352,1.2774821066856379,1962-04-01
28,-2.0058305859565735,-1.9600821137428284,-1.6760976314544678,-1.112117886543274,-0.9456562995910645,-0.2273931834846742,0.00291490189731073,1962-05-01
29,-2.688112525939941,-2.6057552337646483,-2.081188917160034,-1.4956390857696533,-1.2817029356956482,-0.33318054676055986,-0.07288610935211236,1962-06-01
30,-2.1853822660446167,-2.143078780174255,-2.0029847025871277,-1.690911054611206,-0.4740212857723236,0.33845589756965566,0.5778474295139309,1962-07-01
31,-3.310983123779297,-2.7452299118041994,-1.0799914002418518,-0.4636036455631256,-0.1990574449300766,0.24376609921455353,0.3518782198429105,1962-08-01
32,-4.165259928703308,-3.658388113975525,-2.02191960811615,-1.6035022735595703,-1.0133693516254425,-0.8765390396118165,-0.8588589763641358,1962-09-01
33,-1.6277660787105561,-1.467079371213913,-0.8686306178569794,-0.3255089223384857,0.08275669487193227,0.5879382580518718,0.7293064016103742,1962-10-01
34,-1.8846841979026794,-1.708508098125458,-1.0670571327209473,0.5379781723022461,0.7080619931221008,1.3049075245857233,1.4548757958412168,1962-11-01
35,-2.4617193134874107,-1.8180732291191815,0.27386860363185406,1.2306307554244995,1.8307687044143677,2.554382586479187,2.6348312902450557,1962-12-01
36,-0.3568277776241302,-0.22815856337547297,0.4371533542871475,1.2861328125,1.7412939667701721,1.8257258296012877,1.8538642477989196,1963-01-01
37,-2.902650170326233,-2.4768319368362426,-1.1615753173828125,-0.7386871576309204,0.12189022079110146,1.9261127799749358,2.474285055994986,1963-02-01
38,-1.7653772854804992,-1.6546418786048889,-1.00971320271492,0.06595315784215927,0.3372604101896286,0.7930225044488902,0.9445420008897778,1963-03-01
39,-1.5806336569786072,-1.558491313457489,-1.137223243713379,-0.19938944280147552,0.390367329120636,1.1488174438476562,1.207876281738281,1963-04-01
40,-2.2345960354804992,-2.036873686313629,-1.1168550848960876,-0.752696692943573,0.13706722855567932,1.491676568984985,1.6512112140655515,1963-05-01
41,-2.9166928791999815,-2.6610343575477597,-1.7651111483573914,-1.5520752668380737,-1.1419689655303955,0.36163535118102896,0.8027958202362051,1963-06-01
42,-2.9596191930770877,-2.610533022880554,-1.3869245052337646,-0.8724587559700012,-0.5962195992469788,0.11204111874103492,0.29109954893588985,1963-07-01
43,-4.079003362655639,-3.5877715587615966,-1.9990776181221008,-1.508798360824585,-0.9174501299858093,-0.1386675804853446,0.09738299906253767,1963-08-01
44,-1.971886076927185,-1.9252148389816284,-1.5981584787368774,-1.0669647455215454,-0.8172484636306763,-0.5831005334854127,-0.5575188112258912,1963-09-01
45,-1.149098699092865,-1.1451221346855163,-0.9003231227397919,-0.038352590054273605,0.21777714043855667,0.25855921059846876,0.26577434211969375,1963-10-01
46,-3.0849574613571162,-2.6866348028182983,-0.9306067079305649,-0.2921121418476105,0.9088713079690933,1.327750027179718,1.3303937554359435,1963-11-01
47,-0.6102495372295379,-0.5410314500331879,0.06196935474872589,0.9741877913475037,2.0137285590171814,2.1949165582656858,2.2162093782424925,1963-12-01
48,-3.0754849219322202,-2.4282058596611025,-0.3341652750968933,0.6912811994552612,0.9004613757133484,1.5586073398590081,1.7335011005401608,1964-01-01
49,-0.7609598338603973,-0.6837054193019867,-0.3040364608168602,-0.05929155275225639,0.7037880271673203,1.0136186480522156,1.0196472525596618,1964-02-01
50,-2.5009409332275387,-2.1405422210693357,-1.027411013841629,-0.5974660515785217,-0.02673351764678955,0.9307451486587519,1.1480720567703244,1964-03-01
51,-2.4808881020545956,-2.3295875668525694,-1.3051181137561798,-0.42480096220970154,0.3649928420782089,0.37534798085689547,0.37741334617137906,1964-04-01
52,-1.8920667386054992,-1.755824911594391,-1.276659607887268,-0.9354040026664734,-0.8264797925949097,-0.306664520502091,-0.13398915410041845,1964-05-01
53,-3.042096047401428,-2.8122802019119266,-1.8966755867004395,-1.1220382452011108,-0.35768239945173264,0.787176571786403,1.0024083063006397,1964-06-01
54,-3.1111685943603518,-3.051318740844726,-2.361604154109955,-1.6507989168167114,-1.0433359742164612,-0.4407827854156498,-0.30846905708313016,1964-07-01
55,-4.461810159683227,-4.060778856277466,-2.197564482688904,-1.4771428108215332,-0.7307812720537186,-0.03835755735635776,0.024375223815441,1964-08-01
56,-2.7994753527641296,-2.571648919582367,-1.9065014123916626,-1.8447171449661255,-0.8606592416763306,-0.45450714230537426,-0.4112432539463044,1964-09-01
57,-1.027670936882496,-0.8201016440987586,-0.02624872326850891,0.6577239632606506,0.700945109128952,0.8322922646999358,0.8648959529399871,1964-10-01
58,-1.896568050086498,-1.4471127495169638,0.07077313214540482,0.698600172996521,1.1998488306999207,1.6064923524856562,1.7239335680007932,1964-11-01
59,-0.4871530020236969,-0.3817088425159454,-0.05563637614250183,0.9567456841468811,1.5793517231941223,2.305304074287414,2.4659083414077756,1964-12-01
60,-0.9015538585186005,-0.8633577287197114,-0.5615829825401306,0.798828125,0.9887968897819519,1.2406091630458829,1.3260454165935514,1965-01-01
61,-2.4450006723403934,-2.4414292573928833,-1.5496189594268799,0.00391387939453125,1.057989239692688,1.7722692966461175,1.9577743625640864,1965-02-01
62,-0.8144904732704162,-0.7691090703010559,-0.1084381639957428,0.4775390625,0.7079064249992371,1.7422650277614584,2.0777258479595178,1965-03-01
63,-1.6675965547561646,-1.5826078653335571,-1.2944300174713135,-0.9879624843597412,-0.7433323562145233,0.17386784553527762,0.4066485691070552,1965-04-01
64,-1.4030116081237791,-1.369917869567871,-1.1483635902404785,-0.729156494140625,-0.09496553242206573,0.3458618044853208,0.43631799459457377,1965-05-01
65,-2.1831130909919736,-2.0661773324012755,-1.7016962766647339,-1.4469869136810303,-1.0428022146224976,-0.5919542789459229,-0.5699533557891846,1965-06-01
66,-4.7019287109375,-4.479526519775391,-3.188375949859619,-1.3053359985351562,-1.086853265762329,-0.7761444866657261,-0.6704607450962069,1965-07-01
67,-4.4936492824554435,-3.8753871440887453,-2.017240822315216,-1.9058606624603271,-1.3984033465385437,-0.8554522633552556,-0.6984387803077701,1965-08-01
68,-2.656539483070374,-2.5229184389114376,-2.010338008403778,-1.5753487348556519,-0.625222235918045,0.3919441103935235,0.6182184100151057,1965-09-01
69,-1.1199201369285583,-1.041645896434784,-0.6834077835083008,-0.30350908637046814,0.15614226460456848,1.4811305284500114,1.778009209632873,1965-10-01
70,-0.46097361803054804,-0.28443514108657836,0.2652696222066879,0.4138290584087372,1.0573973804712296,1.82569887638092,1.8934949922561644,1965-11-01
71,-1.0795082473754882,-0.9989559173583984,-0.03311297297477722,0.8271484375,1.1980487704277039,1.4591636300086972,1.529087631702423,1965-12-01
72,-1.2691266394406557,-0.9366423372179269,1.0301858577877283,2.188333034515381,2.5923045873641968,2.6676167964935305,2.6916032695770262,1966-01-01
73,-1.8758155357837676,-1.5706703722476958,-0.5067132711410522,0.3857421875,1.0735085308551788,1.3761040806770324,1.4305725502967832,1966-02-01
74,-1.8616538286209108,-1.7920128107070923,-1.3387839794158936,-1.007129192352295,-0.21146799623966217,0.00018865838646872635,0.056838162690400956,1966-03-01
75,-2.336858034133911,-2.1561672687530518,-1.5973875522613525,-1.380251169204712,-0.8953499794006348,0.3703985691070545,0.7545484638214103,1966-04-01
76,-2.8419884252548218,-2.4963543653488163,-1.3488966226577759,-1.1902889013290405,0.06869292259216309,1.4358121156692505,1.47622492313385,1966-05-01
77,-2.05247772693634,-1.9642786264419556,-1.6280832886695862,-1.3233675956726074,-0.7342870533466339,-0.24568210467696236,-0.08789854332804713,1966-06-01
78,-2.3315244102478028,-2.2748410224914553,-1.8727354407310486,-1.3082128763198853,-0.8673143088817596,-0.04103419184684809,0.14804316163063008,1966-07-01
79,-2.5593810415267946,-2.4325901746749876,-2.0609498023986816,-1.6756023168563843,-0.8290338814258575,-0.6187354683876038,-0.6136206459999084,1966-08-01
80,-1.8848794269561768,-1.8306471347808837,-1.352656364440918,-0.8588027358055115,-0.28614550083875656,0.3144314184784888,0.3542390087246894,1966-09-01
81,-1.8411180567741394,-1.8304925322532655,-1.5149031281471252,-1.1723741292953491,-0.11948661506175995,1.1234247714281074,1.3739037042856213,1966-10-01
82,-0.3909474968910217,-0.3820376992225647,-0.19213124085217714,-0.01682361215353012,0.5505719482898712,0.7228846073150634,0.7488876724243164,1966-11-01
83,-1.5927195763587951,-1.1888104557991026,0.06798094511032104,0.30064329504966736,0.8185646235942841,1.8592859447002401,2.1778386342525478,1966-12-01
84,-1.1393920302391054,-1.126248061656952,-1.033167988061905,0.1669921875,0.6389249861240387,0.8981566369533539,0.9003930556774139,1967-01-01
85,-1.6213764071464538,-1.6068190932273865,-1.344406247138977,-0.1289808303117752,0.6470535695552826,2.043212622404097,2.493798774480819,1967-02-01
86,-1.4621459996700288,-1.2254295527935029,-0.25488513242453337,0.0931539237499237,0.8842338919639587,1.4161385416984555,1.5121339583396909,1967-03-01
87,-2.3278649616241456,-2.3093267917633056,-1.7333089709281921,-0.08870863169431686,0.42662709951400757,0.8914327979087828,0.9205940318107604,1967-04-01
88,-1.711130244731903,-1.5063090682029723,-0.7788610458374023,-0.35824650526046753,-0.15895073115825653,0.7327795505523673,1.0101343250274653,1967-05-01
89,-2.326891360282898,-2.1355907201766966,-1.5567048788070679,-1.5309120416641235,-0.7741016149520874,0.030379855632781602,0.15295097112655615,1967-06-01
90,-4.1282324743270875,-3.7002138853073117,-2.33010995388031,-2.0722618103027344,-0.7625462412834167,0.773397004604338,1.2968669009208669,1967-07-01
91,-4.690695428848267,-4.236754655838013,-2.6632602214813232,-1.6332805156707764,-0.38571907579898834,0.3407520502805708,0.39705666005611406,1967-08-01
92,-3.1236983156204223,-2.8608497858047484,-2.036811947822571,-0.9106419086456299,-0.8198006749153137,-0.3031490743160253,-0.1356298148632053,1967-09-01
93,-1.4333412981033324,-1.3975209474563597,-1.2785764932632446,-0.9292625784873962,-0.28172317519783974,0.3759985603392122,0.4658247120678423,1967-10-01
94,-1.1888543057441712,-1.1065849900245666,-0.7495706081390381,-0.3018409311771393,0.5887594372034073,1.0341489136219024,1.0763610327243802,1967-11-01
95,-1.8564775609970092,-1.6343117475509643,-0.5870927348732948,-0.07843106985092163,0.24568088352680206,0.8778165608644479,1.0805332905054088,1967-12-01
96,-2.31211110830307,-2.115373694896698,-1.1452898383140564,-0.42272505164146423,-0.3143363744020462,1.2400298953056321,1.7700596022605886,1968-01-01
97,-1.220429723262787,-1.2068243861198424,-1.0103288888931274,-0.7093920111656189,0.6166993975639343,1.382171410322189,1.5275208032131193,1968-02-01
98,-2.4078537726402285,-2.289901149272919,-1.540279507637024,-1.00960373878479,1.3142122030258179,2.4297711849212646,2.46076865196228,1968-03-01
99,-1.9571878504753113,-1.8841333746910096,-1.207479476928711,-0.43497246503829956,-0.3508892208337784,-0.05145674049854307,0.043614901900291256,1968-04-01
100,-2.282312500476837,-2.087626039981842,-1.3961486220359802,-1.1435099840164185,-0.5216633528470993,1.2730808705091459,1.8460224241018284,1968-05-01
101,-2.344402689933777,-2.1214284658432008,-1.4435073733329773,-0.6981334686279297,-0.28466397523880005,0.25590898990631067,0.3744527864456174,1968-06-01
102,-2.8287361907958983,-2.6592430114746093,-1.808462381362915,-1.0279874801635742,-0.5563318133354187,-0.27898664176464083,-0.26950527608394625,1968-07-01
103,-4.252367372512817,-3.7484014987945558,-2.1555590629577637,-1.11328125,-0.9480930268764496,-0.8157884120941163,-0.7785580921173098,1968-08-01
104,-2.7391095972061157,-2.4923056840896605,-1.7345677018165588,-1.5711750984191895,-0.9219646453857422,-0.48305534124374416,-0.41144814252853407,1968-09-01
105,-1.7905651617050171,-1.6055143117904662,-1.0208985209465027,-0.5142207741737366,0.16379942372441292,0.6291798293590543,0.7547422158718107,1968-10-01
106,-0.6664665561914445,-0.5655209332704544,-0.26689575612545013,-0.21381424367427826,0.2942453548312187,0.8645358681678768,1.038608086109161,1968-11-01
107,0.16306413769721986,0.19622941613197326,0.3178464323282242,0.3998183012008667,0.7662971615791321,1.1099141836166382,1.145798850059509,1968-12-01
108,-2.5637316608428957,-2.1535992145538327,-0.5169989205896854,0.01570967026054859,0.9327017366886139,1.7645993232727046,1.9694931983947748,1969-01-01
109,-2.7308640241622926,-2.3965171575546265,-1.2940759062767029,-0.16093526780605316,0.4839291498064995,2.1454389750957477,2.605650295019149,1969-02-01
110,-0.34507632642984387,-0.29460098296403886,0.06117568165063858,0.3944537043571472,0.739384800195694,1.5812147259712215,1.8012472748756405,1969-03-01
111,-0.9063619029521942,-0.8573669850826263,-0.6327798068523407,-0.4726269841194153,-0.03767791669815779,0.7439576769247643,1.0050415353849527,1969-04-01
112,-2.0368619704246522,-1.9988612055778505,-1.7121840715408325,-0.9975239038467407,-0.544378250837326,-0.2003754675388338,-0.13581669926643386,1969-05-01
113,-1.9609616446495055,-1.763196551799774,-0.9023774564266205,-0.34996747970581055,0.1822243481874466,0.5001712173223494,0.5554100102186202,1969-06-01
114,-3.7425036001205445,-3.5318978071212768,-2.5669727325439453,-1.7044402360916138,-0.9467208385467529,-0.12228746935725252,0.010562184005975448,1969-07-01
115,-4.329078149795532,-3.8985931873321533,-2.3132052421569824,-1.9677613973617554,-1.7662665247917175,-1.3109807729721075,-1.1726186704635624,1969-08-01
116,-2.6907325267791746,-2.5777318477630615,-2.1876226663589478,-0.6595399379730225,-0.3689551129937172,0.06368194371461838,0.15961138874292355,1969-09-01
117,-2.304948861598968,-2.0243409037590028,-0.9686731696128845,-0.6200708746910095,0.15260453149676323,0.6025618374347685,0.6637555849552154,1969-10-01
118,-1.553904800415039,-1.5487278938293458,-1.221524864435196,0.12681061029434204,1.1068104207515717,1.4370283365249632,1.5018219804763793,1969-11-01
119,-1.967588082551956,-1.610251623392105,-0.058139994740486145,1.2480638027191162,1.9607199430465698,2.818817663192749,2.9549122905731195,1969-12-01
120,-2.720655660629272,-2.1273757457733153,-0.11796408146619797,0.7372693419456482,1.7694305181503296,2.5394583225250242,2.5945047473907468,1970-01-01
121,-1.8550494647026061,-1.4630138754844664,-0.2042677327990532,0.0771484375,0.3082117699086666,1.8266165077686298,2.268657728433608,1970-02-01
122,-1.396662437915802,-1.3544593453407288,-1.2175708413124084,-1.1515100002288818,0.6001708209514618,1.5914207816123955,1.8350418353080744,1970-03-01
123,-1.7359584712982177,-1.4913382053375244,-0.6689873933792114,0.5008228421211243,0.7760919034481049,0.8953978598117828,0.9208065903186797,1970-04-01
124,-3.6440054988861084,-3.317228841781616,-1.7441354393959045,-0.8586834073066711,-0.2730477675795555,0.6487758681178087,0.8375676736235614,1970-05-01
125,-2.079940598011017,-2.0593137383460998,-1.900144636631012,-1.4358413219451904,-1.2051015496253967,-0.9772502541542054,-0.9274813008308411,1970-06-01
126,-2.877606906890869,-2.6589781761169435,-1.759627640247345,-1.0189546346664429,-0.3301069587469101,0.012939783930778367,0.05805670678615561,1970-07-01
127,-3.497676229476929,-3.4385640621185303,-2.4868885278701782,-1.2405611276626587,-0.6859175264835358,0.20926571786403594,0.4209693211317058,1970-08-01
128,-2.182245879173279,-1.9728119611740114,-1.328631341457367,-1.116406798362732,-1.0790640115737915,-0.6842105746269229,-0.5509046149253848,1970-09-01
129,-1.627920606136322,-1.6022414088249206,-1.04238161444664,-0.2796343266963959,0.2808962017297745,1.6079604268074026,1.9123864579200738,1970-10-01
130,-1.2845779824256898,-1.0069663166999816,-0.055234044790267944,0.27840691804885864,1.028532713651657,2.366623091697692,2.6313083982467647,1970-11-01
131,-1.897115478515625,-1.8135612487792967,-1.40700101852417,0.012530301697552204,1.1546719074249268,1.9361426591873163,2.1693112802505485,1970-12-01
132,-1.7089429879188538,-1.6353044629096984,-0.8318124189972878,0.3343980610370636,0.8524143844842911,1.5461623311042785,1.6068887162208556,1971-01-01
133,-1.977540955543518,-1.8366269350051878,-1.2671743631362915,-0.765306830406189,-0.6151064038276672,0.10850513577461174,0.335763527154922,1971-02-01
134,-2.838526246547699,-2.571344840526581,-1.6309561729431152,-1.1715900897979736,-0.41093501448631287,0.7670822501182546,1.115126521587371,1971-03-01
135,-1.8831250143051148,-1.7673115491867066,-1.1811300814151764,-0.6573507785797119,0.09247124195098877,1.470565176010131,1.7537768077850335,1971-04-01
136,-2.626282606124878,-2.3346410274505613,-1.396041452884674,-0.93360835313797,-0.4587121307849884,0.21973954439163146,0.42363540887832596,1971-05-01
137,-3.2753793549537655,-2.8566712498664852,-1.4985050559043884,-1.005859375,-0.9494576752185822,-0.6632621467113498,-0.5782097852230074,1971-06-01
138,-2.8214836788177493,-2.8080705165863034,-2.4197412729263306,-1.8677458763122559,-0.8577392101287842,-0.6134758293628694,-0.5790559351444245,1971-07-01
139,-1.8564809799194335,-1.8462848663330078,-1.8022623658180237,-1.442446231842041,-0.8995533734560013,-0.40906713902950287,-0.39587592780590064,1971-08-01
140,-2.194518041610718,-1.9317376613616943,-1.0002077519893646,-0.28361278772354126,0.0040788184851408005,0.22246506102383118,0.288575820699334,1971-09-01
141,-1.7393963599205016,-1.637377631664276,-1.031269907951355,-0.42698293924331665,0.4913700670003891,1.0140845656394952,1.1809419131278989,1971-10-01
142,-4.702785158157348,-3.9616034030914307,-0.9669845402240753,0.5306575894355774,1.054577797651291,1.8375300407409665,1.9495372581481931,1971-11-01
143,-1.2254783201217652,-1.1094596624374389,-0.41141486167907715,0.576727032661438,1.32509183883667,2.5125742197036733,2.861311345100402,1971-12-01
144,0.04054011225700379,0.0672016203403473,0.5616396740078926,1.0929365158081055,1.2548372149467468,1.8901704788208002,2.0590994644165037,1972-01-01
145,-2.63570086479187,-2.1372321605682374,-0.6114063262939453,-0.10814562439918518,-0.031492576003074646,0.4517526745796199,0.6163491272926327,1972-02-01
146,-1.6140450024604795,-1.4997041344642639,-1.0298527777194977,-0.2421875,0.09789960831403732,1.0188856214284892,1.2227892893552776,1972-03-01
147,-2.853503942489624,-2.718251943588257,-2.178216576576233,-0.9240466356277466,0.4525793194770813,1.4254655957221976,1.726027014255523,1972-04-01
148,-2.0312485122680664,-1.8988344192504885,-1.4786856174468994,-1.3850319385528564,-0.6929150223731995,0.2979137659072867,0.6088015031814569,1972-05-01
149,-3.051884694099426,-2.871809220314026,-2.152427852153778,-1.6645193099975586,-1.4250195026397705,-1.1052628755569462,-1.0038650751113893,1972-06-01
150,-3.688339982032776,-3.614804196357727,-2.562670409679413,-1.0889911651611328,-0.6796717643737793,0.26100389957427894,0.5430132722854608,1972-07-01
151,-3.003354229927063,-2.6300628900527956,-1.4628813862800598,-1.2103362083435059,-0.9417300820350647,0.2633702158927907,0.6218605399131767,1972-08-01
152,-1.742353744506836,-1.719871139526367,-1.565110206604004,-0.6084300875663757,-0.49106672406196594,0.6179779648780813,0.9593253827095025,1972-09-01
153,-1.4760793590545653,-1.4699754238128664,-1.2999904155731201,-0.3341728448867798,-0.02432788908481598,0.7643894016742702,0.9501264822483059,1972-10-01
154,-1.5019133830070497,-1.5002261519432067,-0.6717186272144318,0.7416296005249023,1.0545932054519653,1.401824867725372,1.5138121438026426,1972-11-01
155,-1.5838057357072828,-1.2248605877161025,0.4232384115457535,2.0930025577545166,2.4557859897613525,2.912823104858398,3.058600120544433,1972-12-01
156,-2.5632479882240298,-2.109914410114288,-0.6916583180427551,0.28197821974754333,2.4415059685707092,3.0235153436660767,3.0560197114944456,1973-01-01
157,-1.6047458839416504,-1.4768606185913085,-0.9748598337173462,0.31144094467163086,1.9577860236167908,2.2092325210571286,2.288335456848144,1973-02-01
158,-2.243585057258606,-2.0826475381851197,-1.3144676685333252,-0.791984498500824,-0.14454533159732819,0.16970492899417858,0.24094751179218277,1973-03-01
159,-2.5009550476074223,-2.399288368225098,-1.6528950929641724,-0.7794663906097412,-0.028017789125442505,0.9309502720832823,1.0057135796546934,1973-04-01
160,-1.6071602559089662,-1.598248827457428,-1.5070670247077942,-0.9672329425811768,-0.652746170759201,-0.11033371964003917,-0.019256173516623867,1973-05-01
161,-2.4092041873931884,-2.3425278186798097,-1.9393485188484192,-1.508003830909729,-0.6922005414962769,-0.04025254994630864,0.13633498281240428,1973-06-01
162,-4.138019618988038,-3.8330290794372557,-2.754313349723816,-1.7110949754714966,-0.9371511340141296,-0.34140902012586644,-0.18056175559759172,1973-07-01
163,-5.0078398346900945,-4.19557124376297,-1.8014588356018066,-1.2855864763259888,-1.0500144958496094,-0.9148495554924012,-0.8960345816612244,1973-08-01
164,-2.455439805984497,-2.309058427810669,-1.8813006281852722,-0.8842155933380127,0.3757791295647621,0.5399455189704895,0.5446009469032287,1973-09-01
165,-2.370644640922546,-2.3195642232894897,-1.5139440596103668,-0.7509834170341492,0.6652020812034607,1.1805235385894775,1.2109441089630126,1973-10-01
166,-2.570173580646515,-2.3132797837257386,-1.215703696012497,-0.45676320791244507,1.2779083251953125,1.5723316311836242,1.6098542618751526,1973-11-01
167,-0.7287205296754836,-0.6463373094797135,0.04490947723388672,1.0545589923858643,1.4901400208473206,2.000433194637298,2.1546642756462093,1973-12-01
168,-0.5237501990795136,-0.5126978814601898,-0.12573526799678802,0.7706779837608337,1.4293329119682312,2.115685439109802,2.27548083782196,1974-01-01
169,-1.66990540266037,-1.517431390285492,-0.6820152103900909,0.005251580849289894,0.5644803941249847,1.3032171905040735,1.4624042069911953,1974-02-01
170,-2.2674689722061157,-2.102625584602356,-1.3747365474700928,-0.8020807504653931,-0.5109405517578125,0.5381246209144582,0.8910396695137016,1974-03-01
171,-1.6907438111305237,-1.6720098614692689,-1.5387529134750366,-1.0459644794464111,-0.9842896461486816,-0.42033410072326716,-0.2332855701446537,1974-04-01
172,-3.051184458732605,-2.887794470787048,-2.0071703791618347,-0.5499390959739685,0.1643325835466385,0.8636960417032236,1.0821142083406443,1974-05-01
173,-3.7124100732803345,-3.235815548896789,-1.486148178577423,-0.8847853541374207,-0.1935608354397118,0.6083878119476134,0.818790170345455,1974-06-01
174,-2.6780723905563355,-2.562102484703064,-2.1989214420318604,-0.9352375268936157,-0.6589246094226837,0.3268180429935447,0.6059886085987085,1974-07-01
175,-2.7253704547882083,-2.69936203956604,-2.1003262996673584,-1.345982313156128,-0.8680641353130341,-0.02600508779287397,0.16756465464830358,1974-08-01
176,-1.6735397386550903,-1.6632275819778444,-1.5737261772155762,-1.0155360698699951,-0.11795456055551767,0.5668486544862383,0.759713820405304,1974-09-01
177,-1.19219610452652,-1.0752850651741026,-0.2574068158864975,0.35546940565109253,0.8135820031166077,1.8774778962135306,2.1754955792427055,1974-10-01
178,-1.0518851763010024,-0.711955788731575,0.37044796347618103,0.8000757694244385,0.9818120002746582,2.3158930540084826,2.772748351097106,1974-11-01
179,-1.5549920278787612,-1.2465206176042556,-0.2926657572388649,-0.1124853566288948,0.3799807131290436,1.0350701987743374,1.1471387422084807,1974-12-01
180,-2.454519773721695,-2.0800749123096463,-0.5590594559907913,-0.00390625,0.7314095795154572,2.5334999620914442,3.142718364000319,1975-01-01
181,-3.6252587056159973,-3.1042150139808653,-1.5422521233558655,-0.8809943795204163,0.1976296305656433,0.6930300652980803,0.7239900958538055,1975-02-01
182,-3.5066872024536133,-3.245806884765625,-1.7214568853378296,-0.6610278487205505,0.026330798864364624,0.6376316726207732,0.6661154305934905,1975-03-01
183,-2.9115736675262447,-2.758618688583374,-2.113123834133148,-1.7181836366653442,-0.2578372284770012,0.4340324684977528,0.5519119319319722,1975-04-01
184,-3.27468722820282,-2.7469960927963255,-1.0366311371326447,-0.21782109141349792,0.2954741045832634,1.0923786699771874,1.308319483995437,1975-05-01
185,-2.875274624824524,-2.8574779748916628,-2.7822600603103638,-1.5234375,-1.2151498198509216,-0.38519472032785473,-0.20178391963243522,1975-06-01
186,-5.012317957878113,-4.125407767295838,-1.2232749462127686,-0.59765625,-0.2947111129760742,0.40436169505119257,0.6380675733089443,1975-07-01
187,-4.697580647468566,-4.126191735267639,-1.7945432662963867,-1.052734375,-0.7343644499778748,-0.4438899815082552,-0.36606934189796464,1975-08-01
188,-2.1519532322883603,-2.1027446389198303,-1.9511736631393433,-1.7250862121582031,-1.049959510564804,0.05199880003929094,0.20180601000785797,1975-09-01
189,-0.961953672170639,-0.8946289241313935,-0.3925895690917969,-0.006434963550418615,0.07797994650900364,0.28051101714372617,0.3323068371415137,1975-10-01
190,-0.09713262498378754,-0.07810897529125213,0.025823984295129776,0.3899995684623718,1.1523545682430267,2.165989732742309,2.3457799625396727,1975-11-01
191,-0.24552115008234976,-0.16307513937354087,0.252723541110754,0.4496317505836487,0.9561790823936462,1.867444455623626,2.1389874339103696,1975-12-01
192,-1.8919994354248046,-1.8152027130126953,-1.0119147300720215,0.4928467869758606,1.2943981885910034,2.278793287277221,2.4382989788055416,1976-01-01
193,-1.862895722389221,-1.735440468788147,-1.1632933020591736,-0.3566887378692627,0.32345534954220057,1.572418576478957,1.8973831903934473,1976-02-01
194,-1.4580214548110961,-1.362664246559143,-0.5547891752794385,0.1547725349664688,0.387871116399765,1.245506799221038,1.4987653803825374,1976-03-01
195,-1.8964345097541808,-1.6770482659339905,-0.83866286277771,-0.5369715690612793,0.87413639575243,1.7485869884490965,1.8309673976898193,1976-04-01
196,-1.4441947889328004,-1.3668918371200562,-1.0870959758758545,-0.9615799188613892,0.8892173767089844,0.9735422551631927,0.9812120997905731,1976-05-01
197,-2.1766424560546875,-2.144209098815918,-1.888851821422577,-1.539581537246704,-0.8025852143764496,-0.05362298041582181,0.18871560901403375,1976-06-01
198,-3.9569172477722168,-3.4091208457946776,-1.6112570762634277,-1.3887465000152588,-1.2216846346855164,-0.9050913810729984,-0.833149929046631,1976-07-01
199,-3.4725603914260863,-3.179700303077698,-1.9986703991889954,-1.123445749282837,-0.7291834354400635,-0.49972200989723203,-0.48824277043342595,1976-08-01
200,-3.5897956323623657,-3.2994620561599732,-1.790292739868164,-0.9479337930679321,-0.580114983022213,0.5080036565661423,0.7603948006033893,1976-09-01
201,-2.3866325402259827,-2.1672821164131166,-1.4946038722991943,-0.7700864672660828,-0.2781026363372803,0.4488159477710719,0.6043698084354397,1976-10-01
202,-2.6212270736694334,-2.3368453979492188,-0.6868048906326294,0.24393221735954285,0.7515742182731628,0.9227250695228575,0.9529059147834777,1976-11-01
203,-1.322449460029602,-1.2249472856521606,-0.6363924145698547,0.07269315421581268,1.1905350089073181,1.8439950227737427,1.8533818101882935,1976-12-01
204,-0.31315534323453903,-0.18678785413503646,0.34507570415735245,0.592352032661438,1.0599798560142517,1.9488353490829464,2.1114271116256713,1977-01-01
205,-1.613690071105957,-1.399899387359619,-0.7502124309539795,-0.2242371141910553,0.3494119569659233,0.9156529307365413,1.0604743361473081,1977-02-01
206,-2.232245283126831,-2.1883956432342533,-1.4906996488571167,-0.3228597342967987,0.24658732116222382,0.7749686181545258,0.7901390063762664,1977-03-01
207,-1.6314249753952026,-1.6291908025741577,-1.5230427384376526,-1.2723785638809204,0.4174615740776062,1.6642862677574153,1.8562947535514829,1977-04-01
208,-2.4400640964508056,-2.4200546741485596,-2.071656823158264,-1.057686686515808,-0.7045139670372009,0.92479177713394,1.477927105426787,1977-05-01
209,-3.372988033294678,-3.322042942047119,-2.748303174972534,-1.3945324420928955,-1.3109636902809143,-1.1048835992813113,-1.0477633333206178,1977-06-01
210,-3.604691495895386,-3.439368200302124,-2.381715953350067,-1.446341633796692,-1.175946295261383,-0.3239523172378549,-0.0335404634475714,1977-07-01
211,-3.5332082414627077,-3.3650882959365847,-2.5019524097442627,-1.8695210218429565,-1.0339846014976501,-0.45684294700622596,-0.31480608940124544,1977-08-01
212,-2.009827387332916,-1.9697054028511047,-1.75749933719635,-1.5680928230285645,-1.5424547791481018,-1.357160770893097,-1.2987759041786195,1977-09-01
213,-1.8514612674713136,-1.7982885837554932,-0.8292092718183994,0.0927734375,0.25984983891248703,0.7995655179023737,0.9809134888648984,1977-10-01
214,-1.2241996955871584,-1.1188355445861815,-0.4894000291824341,-0.03277333080768585,0.2620122507214546,1.0442353814840308,1.2779078787565226,1977-11-01
215,-1.3806702208518982,-1.2234046816825865,-0.7182888388633728,0.001545167644508183,2.3544856309890747,2.555184173583984,2.564161834716797,1977-12-01
216,-2.025982098579407,-1.7988395929336547,-0.726946160197258,0.7257157564163208,0.9600485265254974,1.5173273801803582,1.7074199819564815,1978-01-01
217,-1.6821833896636962,-1.3227612018585204,-0.06762487441301346,0.9196907877922058,1.5331621766090393,2.175454545021057,2.2679034090042114,1978-02-01
218,-2.8781162476539612,-2.640450584888458,-1.1166917532682419,0.4626295268535614,1.0178572535514832,1.5673489570617674,1.6264093399047852,1978-03-01
219,-3.610404176712036,-3.3141582965850827,-1.8994340300559998,-0.6172593235969543,0.31805194914340973,1.6359172195196139,2.0346255367994304,1978-04-01
220,-2.6085215282440184,-2.34627947807312,-1.5526318550109863,-1.2128795385360718,0.1708681434392929,0.5286488980054852,0.6440110296010968,1978-05-01
221,-2.0241849780082704,-1.7945250868797302,-0.878332644701004,-0.24442876875400543,0.1679824274033308,0.3486865371465682,0.3673935574293136,1978-06-01
222,-4.13195948600769,-3.7325475215911865,-2.26713490486145,-0.8401557803153992,-0.582984060049057,-0.1889265239238743,-0.05419155478477506,1978-07-01
223,-4.332997512817383,-3.995361328125,-2.5463080406188965,-1.5077804327011108,-0.8910108208656311,-0.6955593824386599,-0.6377901792526246,1978-08-01
224,-2.39844078540802,-2.377493119239807,-2.3039157390594482,-2.2127127647399902,-1.4297942519187927,0.06049509048461771,0.541019287109374,1978-09-01
225,-1.3496590399742125,-1.2651695132255554,-0.7600215375423431,-0.4378814697265625,0.08052824437618256,0.2512313544750214,0.25837612986564634,1978-10-01
226,-1.8891731858253478,-1.751223385334015,-1.0248908400535583,0.8291229009628296,1.0106695294380188,1.2913284063339232,1.3285781812667845,1978-11-01
227,-2.7375226962566375,-2.251968377828598,-0.3609408438205719,0.7153840661048889,1.2254005670547485,2.043598771095275,2.292044568061828,1978-12-01
228,-1.4369985795021056,-0.9077354550361633,0.6902976930141449,0.8625679612159729,1.5986207127571106,2.1572159647941587,2.288470628261566,1979-01-01
229,-3.2748157787322993,-2.574081563949585,-0.490496501326561,0.2573152184486389,1.226201817393303,2.9518188476562495,3.262254028320312,1979-02-01
230,-1.7308030939102172,-1.6279358148574827,-0.9556246101856232,-0.5565152764320374,0.19360192632302642,0.4430731087923049,0.46574281752109525,1979-03-01
231,-1.3653253769874572,-1.2243476986885071,-0.784738302230835,-0.6329794526100159,0.027640730142593384,1.2346095442771907,1.4281719088554379,1979-04-01
232,-2.1235668826103207,-2.014426553249359,-1.5773818492889404,-0.8261762857437134,-0.3180554509162903,1.0145384788513174,1.3011079216003412,1979-05-01
233,-2.684858021736145,-2.626758027076721,-2.3839004039764404,-2.183765411376953,-0.5735628753900528,-0.3679937481880189,-0.33590741872787483,1979-06-01
234,-3.818921432495117,-3.47839241027832,-2.307623505592346,-1.384347677230835,-1.0950661301612854,-0.851843273639679,-0.8114261460304261,1979-07-01
235,-4.086120905876159,-3.64684636592865,-1.9870136976242065,-1.1102359294891357,-0.977965235710144,-0.7218133807182313,-0.6709413886070252,1979-08-01
236,-3.21154513835907,-2.9506814718246455,-1.8236986994743347,-1.3650940656661987,-0.8670659363269806,-0.012178635597229759,0.24279761791229193,1979-09-01
237,-2.3273716115951535,-2.049305987358093,-1.1125973463058472,-0.06404723227024078,0.8781094551086426,1.1546827435493467,1.2007222390174863,1979-10-01
238,-0.6734914708137513,-0.6060678601264954,-0.22263376042246819,0.00687621021643281,0.6160172522068024,1.4796117246150962,1.7637140929698938,1979-11-01
239,-1.1782734155654908,-1.0130759477615356,-0.3360157161951065,0.7884592413902283,1.6236863136291504,2.8042655348777763,3.0894431185722344,1979-12-01
240,-0.458027257323265,-0.26473183333873745,0.4246058315038681,0.7858680486679077,0.8979218304157257,2.0802965879440296,2.4834964895248404,1980-01-01
241,-2.096204986572266,-1.8384363174438474,-0.9786026179790497,-0.08523132652044296,0.1424191314727068,0.339751398563385,0.340606529712677,1980-02-01
242,-2.1490907907485965,-2.091391682624817,-1.5540928840637207,-0.7577812671661377,0.43364033102989197,1.735389733314514,1.7908279466629027,1980-03-01
243,-1.9472816371917725,-1.8266143321990969,-1.1036718785762787,-0.6169390678405762,-0.13844965398311615,1.4109566301107395,1.8275038260221472,1980-04-01
244,-1.5455398988723754,-1.4911606073379517,-0.9729177355766296,-0.53125,-0.13633712753653526,0.6821670584380618,0.9492676745355124,1980-05-01
245,-2.303924973011017,-2.1694108605384828,-1.7444220781326294,-1.5797817707061768,-1.0085759460926056,0.18240534663200303,0.4427310693264002,1980-06-01
246,-3.848900327682495,-3.6791892528533934,-2.9151532649993896,-1.547860860824585,-0.6387392580509186,0.5367293000221243,0.8349248814582819,1980-07-01
247,-2.210090341567993,-2.07179970741272,-1.5992514491081238,-1.345703125,-1.2278207540512085,-1.0924670696258545,-1.0630199909210205,1980-08-01
248,-2.631078495979309,-2.4939525842666623,-2.0339903235435486,-1.5442196130752563,-0.8059209585189819,-0.5978188991546631,-0.5930012798309325,1980-09-01
249,-1.7891486120223998,-1.570147490501404,-0.7467862665653229,-0.19140625,-0.01953556016087532,0.5151182092726226,0.6496977980434893,1980-10-01
250,-0.5823722094297409,-0.5161934942007065,-0.29086311161518097,0.2394418865442276,1.0922240614891052,1.9463313460350031,2.065047519207001,1980-11-01
251,-1.9136046493053436,-1.6762299954891207,-0.22763881087303162,1.6409356594085693,1.8523059487342834,2.3506698608398433,2.4765914916992187,1980-12-01
252,0.1011573648452759,0.2122368097305298,0.944640040397644,1.4755886793136597,1.5948081016540527,2.412781333923339,2.6645875167846675,1981-01-01
253,-1.0064661025255919,-0.7367682453244924,0.08436361141502857,0.3230585753917694,1.2605171501636505,1.9740703821182253,1.979970326423645,1981-02-01
254,-2.02755753993988,-2.0176838636398315,-1.9878217577934265,0.0869140625,0.888126939535141,1.250073170661926,1.364865822792053,1981-03-01
255,-1.4190594673156738,-1.3462867736816406,-0.9700644612312317,-0.7323852777481079,0.46199892461299896,1.4968336224555963,1.7629355072975155,1981-04-01
256,-2.6735342955589294,-2.385673987865448,-1.3731372356414795,-0.4832322895526886,0.12914565205574036,0.7449959874153136,0.7872804474830626,1981-05-01
257,-2.738967304229736,-2.66112699508667,-1.8165692687034607,-1.19028639793396,-1.0045453310012817,-0.8609200417995454,-0.815810650587082,1981-06-01
258,-3.2938134813308717,-2.9489858865737917,-1.6915565133094788,-1.385530948638916,-1.0784199237823486,-0.8365396261215212,-0.7665266752243043,1981-07-01
259,-3.233606252670288,-2.8294492244720457,-1.5785747170448303,-1.0317749977111816,-0.7790276408195496,-0.40762181580066703,-0.322897306084633,1981-08-01
260,-2.730213875770569,-2.6927363634109494,-2.1443644165992737,-1.5795695781707764,-0.36127129942178726,-0.07360960394144073,-0.02422096997499476,1981-09-01
261,-1.3240770316123962,-1.3187942385673523,-1.2253910303115845,-1.1407325267791748,-0.2557002231478691,0.2354831621050833,0.28537788242101664,1981-10-01
262,-0.6404263433814048,-0.532868592441082,-0.004110492765903473,0.30805957317352295,0.385437548160553,2.0142801851034147,2.556034442782401,1981-11-01
263,-0.7116685035824775,-0.5791264191269875,0.13605434447526932,0.7384966611862183,0.9435899257659912,1.6019650936126704,1.7742992687225339,1981-12-01
264,-3.3239679193496703,-2.727430272102356,-0.3399054557085037,0.7002807259559631,1.126886010169983,1.633895623683929,1.7845916247367857,1982-01-01
265,-3.001683211326599,-2.7373684644699097,-1.4935351610183716,-0.6342538595199585,0.3537956327199936,1.337901699542999,1.3878928399086,1982-02-01
266,-2.3028026008605957,-2.227413845062256,-1.5687724351882935,-0.67578125,-0.09805698646232486,1.4447263645939514,1.9370363984070709,1982-03-01
267,-2.1160411834716797,-1.717397689819336,-0.4385649412870407,-0.2059774249792099,0.2617395296692848,0.5932813584804533,0.6953225314617155,1982-04-01
268,-1.8838632249832152,-1.7389639139175415,-1.0844225883483887,-0.4342598617076874,-0.2804529219865799,1.0701076656579958,1.4929277831315986,1982-05-01
269,-1.966510787010193,-1.910483431816101,-1.7278369665145874,-1.634118676185608,-1.2663114666938782,-0.9150295853614809,-0.8728928685188294,1982-06-01
270,-3.508565466403961,-3.113344871997833,-1.8312714099884033,-0.8222228288650513,-0.6055594086647034,-0.3753252804279329,-0.3252135908603669,1982-07-01
271,-4.965460166931153,-4.494302558898926,-2.2359670996665955,-1.0050921440124512,-0.8096126914024353,-0.27509146183729205,-0.14909603446722058,1982-08-01
272,-2.0940621495246887,-2.008534014225006,-1.5958470702171326,-1.4046480655670166,-0.4378005266189575,-0.25486066192388546,-0.22913958281278615,1982-09-01
273,-2.465766952037811,-2.204580533504486,-1.3778509497642517,-0.9775647521018982,-0.4964517652988434,0.6088248729705801,0.9330782222747797,1982-10-01
274,-0.06634551048278807,0.01592869758605958,0.4850054085254669,1.5499085187911987,1.888278603553772,2.2084625244140623,2.2941791152954103,1982-11-01
275,0.14837298184633257,0.24904995113611222,0.5804275870323181,1.2944241762161255,2.0007961988449097,2.2122551918029787,2.2671601676940916,1982-12-01
276,-1.6413845777511598,-1.5625556707382202,-0.6791310533881187,0.554976761341095,0.9467155337333679,2.2332503437995896,2.650556318759917,1983-01-01
277,-1.2964533054828644,-1.2088290274143219,-0.8623301684856415,-0.15597425401210785,0.4104016572237015,1.2951774299144736,1.5587671220302577,1983-02-01
278,-2.554056186676025,-2.25569543838501,-1.1839697360992432,-0.4677734375,0.5699312537908554,0.877093595266342,0.9574219787120818,1983-03-01
279,-1.7222192108631134,-1.521252304315567,-0.4392313938587904,0.6654011607170105,1.7780128121376038,2.13114902973175,2.19290403842926,1983-04-01
280,-1.5852132773399352,-1.4694738268852234,-1.0461227297782898,-0.498760461807251,-0.23200131207704544,1.1907991304993615,1.6686285760998718,1983-05-01
281,-2.9690827894210816,-2.8869512319564823,-2.2085612416267395,-1.2481777667999268,-0.7478548586368561,-0.1890041531994944,-0.016082362867892143,1983-06-01
282,-3.893911061286926,-3.4828237771987913,-2.0335745215415955,-0.9195430874824524,-0.29487138241529465,0.4975915178656573,0.6627995535731313,1983-07-01
283,-3.605587010383606,-3.480363869667053,-2.1931651830673218,-0.9040224552154541,-0.621010810136795,-0.2921974882483485,-0.19857475012540837,1983-08-01
284,-2.2694915223121646,-2.1568467259407043,-1.620812714099884,-1.3765698671340942,-0.846063882112503,-0.11194495856762002,0.12414003908634139,1983-09-01
285,-2.0088125467300415,-1.895651936531067,-1.5607244968414307,-1.33403742313385,0.9679400622844696,1.647638690471649,1.7428089880943296,1983-10-01
286,-1.2030559110641479,-1.169363760948181,-0.6135165989398956,-0.12945207953453064,0.6743218160700053,1.801909971237182,1.9549132442474362,1983-11-01
287,-0.6158069720864296,-0.4906273439526558,-0.09371985122561455,0.5162417888641357,1.418074131011963,2.2801294803619383,2.298495302200317,1983-12-01
288,0.6048045754432678,0.6685546040534973,1.1088811159133911,1.4429426193237305,2.778958559036255,4.426361250877379,4.757786211967468,1984-01-01
289,-1.3833175992965698,-1.3036386251449585,-0.3794485926628113,1.708984375,1.9945553541183472,2.585669231414794,2.782751598358154,1984-02-01
290,-1.980825364589691,-1.83781498670578,-1.2660354971885681,-0.1065279021859169,0.4899101257324219,1.4406796813011165,1.5705636286735534,1984-03-01
291,-3.1031203985214235,-2.8712090253829956,-2.1156221628189087,-0.2275390625,0.022765450179576874,0.859965588152408,1.0694577744603153,1984-04-01
292,-2.310232064723968,-2.0542406916618345,-1.2087634801864624,-0.7664942145347595,-0.21788950264453888,-0.09298951625823978,-0.08109790325164798,1984-05-01
293,-2.768564875125885,-2.3855108380317684,-1.0255808532238007,-0.6727685332298279,-0.37498028576374054,0.0419926196336744,0.11563996374607072,1984-06-01
294,-4.621361775398254,-4.1252319574356076,-2.5916157960891724,-1.292312741279602,-0.92342808842659,-0.5734356701374055,-0.5670308840274811,1984-07-01
295,-2.533055458068848,-2.508696365356445,-2.094721794128418,-1.3633116483688354,-0.7233774363994598,0.6964914977550491,1.1714973962306967,1984-08-01
296,-4.484127225875855,-4.036219549179077,-2.4626320600509644,-1.262277603149414,-0.7914213091135025,-0.14993069693446193,-0.04536535963416122,1984-09-01
297,-1.5452698802947997,-1.517005491256714,-1.1840415298938751,-0.5798457860946655,0.3675322085618973,1.0056085944175714,1.1736029696464536,1984-10-01
298,-1.358007690310478,-1.1266149133443832,-0.3590017557144165,0.7096862196922302,1.2461972832679749,1.8483825445175168,1.9453239583969115,1984-11-01
299,-1.4555674088001251,-1.2868306696414946,0.027965664863586426,1.7417927980422974,2.3418742418289185,2.387538647651672,2.3981992197036743,1984-12-01
300,-1.206409559249878,-1.1843896389007567,-0.8364496231079102,-0.4153483211994171,0.08434982970356941,0.3612947404384612,0.3971600520610809,1985-01-01
301,-2.1314865899085995,-1.995656406879425,-1.3188515901565552,-0.3372829258441925,0.26596902310848236,1.5063558638095844,1.9012711727619163,1985-02-01
302,-1.6278135299682617,-1.5858683586120605,-1.3871337175369263,-1.1328125,-0.21713795512914658,1.3212775871157634,1.736270135343074,1985-03-01
303,-2.367301688194275,-2.2896334409713743,-1.670511782169342,-0.08993209153413773,0.028747137635946274,0.11377741172909736,0.11522248044610023,1985-04-01
304,-2.7480784583091737,-2.370679461956024,-0.9668171107769012,-0.11901648342609406,0.5425344929099083,1.2831484198570249,1.3972546839714046,1985-05-01
305,-2.5958508396148683,-2.559980821609497,-2.1204004287719727,-0.9994175434112549,-0.5092494487762451,-0.044190140441060295,0.031060739979147756,1985-06-01
306,-4.200854210853576,-3.8427071809768676,-2.3239763379096985,-1.1159400939941406,-1.0181812644004822,-0.054327201843262646,0.25319705963134703,1985-07-01
307,-3.827869353294372,-3.4166361570358275,-2.0280412435531616,-1.587708592414856,-1.485079288482666,-1.2407965779304506,-1.1849260354042053,1985-08-01
308,-2.7047073888778685,-2.492617869377136,-1.705636203289032,-1.2380337715148926,-1.0736255645751953,-0.48264742493629514,-0.2866768372058872,1985-09-01
309,-1.6625283908843993,-1.5908430576324462,-1.210632860660553,0.3154875338077545,1.147600531578064,1.587553548812866,1.6549761867523192,1985-10-01
310,-0.9332801842689514,-0.8284194588661193,-0.4321931451559067,-0.026165135204792023,0.4351170063018799,1.5581510543823232,1.8904368972778314,1985-11-01
311,-0.7859721446037292,-0.7116280913352966,-0.16307666152715683,1.1762115955352783,1.683064043521881,3.108447813987731,3.495908312797545,1985-12-01
312,-2.206788196563721,-1.9059044837951662,-0.37035244703292847,1.568359375,2.2374055981636047,3.4804362773895257,3.7886070156097404,1986-01-01
313,-1.1203734517097472,-0.9922838807106018,-0.4697745591402054,-0.0008924070280045271,0.06045767292380333,0.37806185856461494,0.48665048435330366,1986-02-01
314,-0.9292472779750824,-0.8447270095348358,-0.520738959312439,-0.2967860996723175,0.2721674405038357,0.9013746976852415,0.9904397726058958,1986-03-01
315,-2.170350532531738,-2.036519432067871,-1.4400929808616638,-0.9241540431976318,0.48581764101982117,1.7725669980049132,1.7896696496009825,1986-04-01
316,-1.759393424987793,-1.7554536819458009,-1.5369272232055664,0.4228515625,0.8097043335437775,1.054983228445053,1.0872151553630827,1986-05-01
317,-2.0797681045532226,-2.0631385803222657,-1.6905935406684875,-0.7568982839584351,-0.5307876169681549,0.22514463067054677,0.472372676134109,1986-06-01
318,-3.868527536392212,-3.7168671131134032,-2.47628653049469,-1.5537109375,-0.3337610517628491,0.41590019734576306,0.555426114145666,1986-07-01
319,-5.443451793193817,-4.554037606716156,-1.2316665649414062,-0.24790626764297485,0.11573462933301926,0.682850486040115,0.7773501169681547,1986-08-01
320,-2.293209319114685,-2.1505282163619994,-1.708588421344757,-1.3334158658981323,-0.9349073171615601,-0.08172056674957336,0.12117419719696003,1986-09-01
321,-1.6436637949943542,-1.6052151083946227,-1.0759782493114471,-0.5112671256065369,0.6621016226708889,1.526971423625946,1.5740535902976989,1986-10-01
322,-0.32187213860452174,-0.2482666950672865,0.03797442279756069,0.3073449432849884,1.1424357295036316,1.888278758525848,2.01212554693222,1986-11-01
323,-3.0847019720077515,-2.5621617078781127,-0.6604062616825104,-0.23496098816394806,0.6259996294975281,1.822201269865035,2.155474952459335,1986-12-01
324,-1.5541461086273192,-1.0528421878814695,0.6006432175636292,1.3850810527801514,1.6182352304458618,1.9309535980224606,2.008973808288574,1987-01-01
325,-2.0698945140838623,-1.6765504360198973,-0.5090556144714355,-0.39732614159584045,0.7281837612390518,2.81721405982971,3.3437095737457265,1987-02-01
326,-2.3146903038024904,-2.301302433013916,-1.7850536108016968,-1.2657976150512695,-0.4391116090118885,0.8416076488792887,1.1331652797758573,1987-03-01
327,-1.0991785192489623,-1.081968379020691,-1.018584966659546,-0.5082796216011047,0.07175669074058533,0.8544760584831235,0.9827071356773374,1987-04-01
328,-1.4476693677902222,-1.4379937887191774,-1.1790077686309814,-0.7006374597549438,0.046883076429367065,0.7882261902093883,0.9210462695360181,1987-05-01
329,-2.621420328617096,-2.413846218585968,-1.3844020366668701,-0.6614681482315063,-0.0875605889596045,0.24825332174077605,0.3318031501956282,1987-06-01
330,-3.1955343961715696,-2.9042075872421265,-2.023345947265625,-1.876888632774353,-0.854973316192627,0.600743544101714,0.9535192036628716,1987-07-01
331,-4.80020164489746,-4.214305114746093,-2.245984196662903,-1.4530693292617798,-1.1319100856781006,-0.6923871517181398,-0.630664930343628,1987-08-01
332,-2.71572069644928,-2.585412716865539,-2.0218319296836853,-1.5048828125,-0.9043840765953064,1.247336161136625,1.9798911595344528,1987-09-01
333,-1.526881070137024,-1.4455048799514771,-1.1752547025680542,-0.604625940322876,0.3421725481748581,0.46081869304180134,0.4889029592275619,1987-10-01
334,-1.5543093395233154,-1.4897602558135987,-0.7003796175122261,0.3203125,1.477640151977539,2.8995378136634815,3.2593009495735163,1987-11-01
335,-1.2536156392097473,-1.1956156373023985,-0.9693562686443329,1.3911824226379395,2.0857431888580322,2.562785720825195,2.725838394165039,1987-12-01
336,-3.017629127502442,-2.990439796447754,-2.363786041736603,-1.2397822141647339,0.8534173369407654,1.647022700309753,1.8467608404159541,1988-01-01
337,-3.026591906547546,-2.9624082326889036,-1.8663623332977295,-0.2314453125,0.193279430270195,0.9575738430023187,1.1624836826324458,1988-02-01
338,-0.5559820109978317,-0.40697642881423235,0.041974601335823536,1.0006335973739624,1.193949580192566,2.608572888374327,3.036799416542052,1988-03-01
339,-1.741057653427124,-1.623075819015503,-1.0169224739074707,-0.5959705114364624,0.2247953563928604,0.8922616422176358,0.9982367789745329,1988-04-01
340,-1.8479955339431764,-1.8375814676284792,-1.520786464214325,-1.2137380838394165,0.2601476311683655,1.29840213060379,1.384680426120758,1988-05-01
341,-1.9335906958580016,-1.8795051455497742,-1.4890934228897095,-1.1648240089416504,-0.8292453289031982,-0.0537229076027875,0.11311264246702159,1988-06-01
342,-2.6320532846450804,-2.4190860033035277,-1.5425204038619995,-1.1804254055023193,-0.8904823064804077,-0.32911492586135915,-0.15561170816421543,1988-07-01
343,-4.064042758941651,-3.5406975746154785,-1.4822347164154053,-0.7401528358459473,-0.4204666018486023,0.14222048819065058,0.25718233406543706,1988-08-01
344,-2.503144764900208,-2.35516893863678,-1.878373920917511,-1.5859375,-0.960510790348053,-0.6962669372558594,-0.6674510574340821,1988-09-01
345,-1.1981968927383424,-1.059791588783264,-0.6118526756763458,-0.48899781703948975,0.09004819812253118,0.1713981345295906,0.1717796269059181,1988-10-01
346,-0.4534720274806023,-0.3806413874030113,0.1140836551785469,0.4370349049568176,0.8293279707431793,2.1142189025878895,2.546681632995605,1988-11-01
347,-0.9402678048610686,-0.8099539458751678,0.03674784302711487,0.861403226852417,2.0192083716392517,2.9478495836257927,3.1519560480117796,1988-12-01
348,-2.117033334970474,-1.7749488174915313,-0.3754132529720664,0.12468479573726654,0.9119215607643127,1.7279868721961966,1.957621872425079,1989-01-01
349,-1.2721024250984192,-1.2666762948036194,-0.4776160418987274,0.3006438910961151,0.65915247797966,0.8047327637672423,0.8198152470588683,1989-02-01
350,-2.8147352051734926,-2.377163803577423,-0.6734908446669579,0.10632149875164032,0.6287711262702942,1.960935854911803,2.3295736837387078,1989-03-01
351,-4.220548102855682,-3.562484014034271,-1.426023542881012,-0.9533728361129761,-0.4219958484172821,1.5569040060043318,2.143601450920104,1989-04-01
352,-2.2844746208190916,-2.1171296119689944,-1.4443857073783875,-1.2490077018737793,0.02494889125227928,0.8014229595661156,1.0259095919132228,1989-05-01
353,-2.262733888626099,-2.2275993824005127,-2.040286362171173,-0.9921329021453857,-0.8233585357666016,-0.18544906377792414,0.006660187244414882,1989-06-01
354,-3.9337558364868164,-3.467017936706543,-1.919060468673706,-1.6902964115142822,-1.5359079837799072,-1.2800773024559022,-1.236929099559784,1989-07-01
355,-2.6237722992897035,-2.389261543750763,-1.576575517654419,-1.3266043663024902,-0.5825918912887573,-0.009489957988262687,0.1580648890137669,1989-08-01
356,-2.396770613193512,-2.225158417224884,-1.4148527383804321,-1.000212550163269,-0.5391816198825836,-0.30587441027164464,-0.30352109730243687,1989-09-01
357,-1.7564501923322677,-1.4188896030187608,-0.331500805914402,0.26772281527519226,1.2553582191467285,2.1729368925094596,2.440497298240661,1989-10-01
358,0.04342008516192439,0.13605751022696497,0.6520197987556458,1.2530936002731323,1.4941205978393555,1.704242420196533,1.757695713043213,1989-11-01
359,-1.6614072835445404,-1.482824820280075,-0.8290700316429138,0.9508456587791443,1.7851972579956055,2.400012099742889,2.5393774199485777,1989-12-01
360,0.46188098669052124,0.5008262038230896,0.6279657185077667,0.7036813497543335,1.478308081626892,2.319716560840606,2.535037062168121,1990-01-01
361,-1.9937099671363832,-1.8935233235359192,-0.9881199896335602,-0.17428632080554962,1.0136538967490196,2.317816281318664,2.495085434913635,1990-02-01
362,-1.3738024330139158,-1.336957263946533,-1.1421119570732117,-0.847472071647644,0.08871044963598251,0.5096759647130964,0.5649606198072433,1990-03-01
363,-1.4079110729694366,-1.2415698111057283,-0.5751815140247345,-0.2228306382894516,0.10092607140541077,0.7396514058113093,0.9026111531257626,1990-04-01
364,-1.2614502751827241,-1.16662637591362,-0.886446475982666,-0.6827463507652283,0.1367096472531557,0.32475802600383746,0.3621398872137069,1990-05-01
365,-3.944818067550659,-3.3768060207366943,-1.5998189449310303,-1.2280477285385132,-0.3020789995789528,0.585113944113254,0.7513977888226506,1990-06-01
366,-3.049324254989624,-2.915178442001343,-2.39925217628479,-1.5698637962341309,-0.8825618326663971,-0.35244225114584005,-0.22267023056745555,1990-07-01
367,-4.698712077140808,-4.303586554527283,-2.9158765077590942,-2.359841823577881,-0.4087342917919159,0.0992580890655515,0.1909081268310545,1990-08-01
368,-2.6523609352111817,-2.479733562469482,-1.7070223093032837,-1.0869187116622925,-0.1888839341700077,0.5741197146475311,0.7437847431004043,1990-09-01
369,-2.368576464653015,-2.1084510564804075,-1.2923370599746704,-0.6781793832778931,0.07365433871746063,0.8205578029155727,0.9711428105831144,1990-10-01
370,0.0899662746489048,0.16376391723752023,0.4629410207271576,1.1458649635314941,1.294618844985962,2.222065651416778,2.493212835788726,1990-11-01
371,-1.1299848294258117,-1.100282061100006,-0.6527534872293472,-0.14726847410202026,0.9795437455177307,2.5382277369499193,3.022392785549163,1990-12-01
372,-2.12376865208149,-1.658429327607155,-0.18099786341190338,0.8496546745300293,1.5520827770233154,2.8053668022155756,3.1032608604431147,1991-01-01
373,-0.6283704590797424,-0.5827726483345032,-0.19497970305383205,0.2097684144973755,0.7380583137273788,1.4813764691352842,1.589165365695953,1991-02-01
374,-1.3601312065124511,-1.2858545303344726,-0.927381306886673,-0.375802218914032,0.2808537930250168,1.783398556709288,2.263934311866759,1991-03-01
375,-1.9278650569915772,-1.7877007961273195,-1.2387070655822754,-0.0810546875,0.438093900680542,0.7696047246456146,0.7816081607341766,1991-04-01
376,-1.272210431098938,-1.2362734079360962,-1.0549552142620087,-0.6149686574935913,-0.5750982165336609,-0.4410369396209718,-0.3983636379241944,1991-05-01
377,-2.3882977962493896,-2.255497694015503,-1.807976484298706,-1.4626718759536743,-0.7240875065326691,-0.4366758346557619,-0.3954180812835694,1991-06-01
378,-3.2506516265869143,-3.146138572692871,-2.696024537086487,-2.4594664573669434,-0.6780128479003906,0.29099105000495856,0.4691076242923733,1991-07-01
379,-4.574690155982971,-3.920150303840637,-1.811837613582611,-0.8837890625,-0.642790287733078,0.5152693986892689,0.8896270990371696,1991-08-01
380,-4.274338867664337,-3.6485211968421933,-1.6278333067893982,-0.7654929757118225,-0.27233077213168144,-0.022407523822039387,-0.016116859670728456,1991-09-01
381,-0.996262868642807,-0.9838530242443084,-0.9040046036243439,-0.6382889151573181,0.720974437892437,1.3178800225257874,1.3183462834358215,1991-10-01
382,-0.5739130420237779,-0.4329025361686945,0.1674706730991602,0.37308913469314575,0.6662712395191193,1.1831510603427882,1.3211052525043485,1991-11-01
383,-1.7531291794776918,-1.609461224079132,-1.1402437686920166,-1.0153348445892334,-0.038013577461242676,1.2121913850307462,1.3331513011455534,1991-12-01
384,-2.2168104922771454,-1.8793806016445158,-0.41781988739967346,0.16811268031597137,1.3370371758937836,3.103349471092223,3.466903834342956,1992-01-01
385,-2.12076730966568,-1.7846551060676574,-0.7075022757053375,0.01369576994329691,0.754890650510788,1.6016875267028803,1.754743785858154,1992-02-01
386,-2.404494659900665,-2.2453508019447326,-1.4118500351905823,-0.6998195052146912,-0.2990562841296196,0.511399103701114,0.7421235707402224,1992-03-01
387,-1.1934660720825194,-1.1662858963012694,-1.041912168264389,1.0374795198440552,1.1638432741165161,2.1595008611679067,2.4686511564254756,1992-04-01
388,-1.8267507839202881,-1.8221389293670653,-1.4601417779922485,-0.9359070062637329,-0.34978509321808815,0.3423365034162994,0.48565480068325967,1992-05-01
389,-3.305357384681702,-3.2863742113113403,-2.626410961151123,-2.001556634902954,-0.8548624813556671,-0.27912594079971365,-0.093325188159943,1992-06-01
390,-4.5943291997909546,-4.183760333061218,-2.504448890686035,-1.2590473890304565,-0.6839131563901901,0.1697637289762492,0.3370777457952496,1992-07-01
391,-4.243145236968994,-3.7658341407775877,-1.6374454200267792,-0.8961676955223083,-0.5050915479660034,-0.42259520888328556,-0.41198471903800965,1992-08-01
392,-3.0067876815795898,-2.6433038711547847,-1.4865548610687256,-1.329144835472107,-0.25385891646146774,-0.026543718390166806,-0.011569736264646083,1992-09-01
393,-1.6211605787277221,-1.4526222944259644,-0.7437633275985718,-0.18242546916007996,0.5343788862228394,1.615578961372375,1.7776140832901,1992-10-01
394,-1.7873022782802581,-1.5285109221935271,-0.6703208386898041,0.38965219259262085,0.68365478515625,0.8281395494937895,0.860915185213089,1992-11-01
395,-2.453541472554207,-1.9017357975244522,-0.04642332345247269,0.31686174869537354,1.4185336232185364,2.337341177463531,2.6109842038154594,1992-12-01
396,-1.1599513828754426,-1.0154542028903961,-0.14435189962387085,0.435546875,1.1554503440856934,1.7918800950050353,1.8399799275398254,1993-01-01
397,-2.057786016464233,-1.8397361278533935,-1.194629728794098,-1.1534227132797241,-0.31231534481048584,0.9080464959144584,1.1775240445137019,1993-02-01
398,-2.9342223691940306,-2.4607503652572627,-1.0452126264572144,-0.847940981388092,-0.4208792448043823,-0.015185872465372173,0.014428971260785996,1993-03-01
399,-1.9427778315544129,-1.7849154829978944,-1.0723353326320648,-0.5795788168907166,0.38591040670871735,0.8535881012678143,0.9988100999593732,1993-04-01
400,-2.221379818916321,-2.0997045755386354,-1.5981788039207458,-1.1616291999816895,-0.40325331687927246,0.8481347560882564,1.024749708175659,1993-05-01
401,-3.3271597719192507,-2.8682293176651,-1.4252763390541077,-0.9262886047363281,-0.7291072607040405,-0.4134322017431261,-0.3364711207151414,1993-06-01
402,-3.071984496116638,-2.8592406034469606,-2.206583261489868,-1.9639053344726562,-0.963522881269455,-0.5419975697994237,-0.40371201395988493,1993-07-01
403,-3.2017525529861453,-3.1901087045669554,-2.234757423400879,-1.102324366569519,-0.9907102584838867,-0.7903625249862674,-0.723174319267273,1993-08-01
404,-3.4015691947937015,-3.072633838653564,-1.8313541412353516,-0.9379066824913025,-0.3939892649650574,-0.1972263425588609,-0.15194526851177226,1993-09-01
405,-1.5043891882896423,-1.453045356273651,-1.286986529827118,-0.9247997403144836,0.4588620513677597,0.693643581867218,0.7473124527931212,1993-10-01
406,-2.8113235092163085,-2.696740913391113,-1.7689878344535828,-0.14532972872257233,0.5923003852367401,3.293379765748975,4.134916492700575,1993-11-01
407,-1.8251875269412994,-1.2939445316791534,0.3971644937992096,1.242773413658142,1.8950244188308716,2.907329320907592,3.1517808437347408,1993-12-01
408,-0.4279415272176265,-0.3398125879466533,-0.048220861703157425,0.01663273386657238,0.44290653616189957,2.0288998663425435,2.444550839662551,1994-01-01
409,-3.729288806915283,-3.162103366851807,-1.2108593583106995,-0.8653236031532288,-0.15298791974782944,0.9550151824951161,1.3094673156738272,1994-02-01
410,-1.282240390777588,-1.2770061492919922,-1.0165093541145325,-0.750475287437439,0.4908037781715393,1.2883275151252738,1.529816591739654,1994-03-01
411,-1.6035316205024719,-1.545700418949127,-1.3301559090614319,-0.7109448313713074,0.44172652065753937,1.454330098628997,1.6670200610160824,1994-04-01
412,-2.0631459951400757,-1.8646553754806519,-0.9665482044219971,-0.5780062675476074,0.37405925989151,1.701471853256225,1.9192086315155024,1994-05-01
413,-1.7796351528167724,-1.733589220046997,-1.4485418796539307,-0.9054328799247742,-0.1819224813953042,0.8902641708031287,1.2046153341606254,1994-06-01
414,-5.000060219764709,-4.370059704780578,-2.418482542037964,-1.9898502826690674,-1.288401186466217,-0.8218194842338564,-0.750803029537201,1994-07-01
415,-3.4804861307144166,-3.1856385469436646,-1.9268862009048462,-1.110143780708313,-0.9140993058681488,-0.25069814920425476,-0.04232712984085127,1994-08-01
416,-1.5020679903030394,-1.4761078119277953,-1.2311575412750244,-0.8850086331367493,-0.5457556545734406,0.7733937501907336,1.174943757057189,1994-09-01
417,-1.5761371088027956,-1.498479104042053,-1.2693647146224976,-0.826171875,-0.37576840817928314,0.049246428906917376,0.11753274172544466,1994-10-01
418,-0.8496142363548278,-0.5334601283073425,0.39634381234645844,1.353979229927063,1.5605250000953674,1.8994909405708311,1.9658119416236877,1994-11-01
419,-0.7509843972325325,-0.6071470513939857,-0.09808031609281898,0.21126995980739594,1.6976368427276611,2.8887273788452146,2.9986481094360347,1994-12-01
420,-1.2347132205963134,-1.0876286029815674,-0.391172107309103,0.12279287725687027,0.3735750541090965,2.229388672113417,2.8002833282947526,1995-01-01
421,-1.9261354303359985,-1.7325147867202757,-1.0834056735038757,-0.5477411150932312,-0.0021922439336776733,0.493912175297737,0.5299848467111586,1995-02-01
422,-2.0707326328754427,-1.7382247030735014,-0.5785408914089203,-0.08809947222471237,0.11913831532001495,0.6141371995210643,0.7740557724237439,1995-03-01
423,-1.5262064504623414,-1.4791767835617065,-1.0784738063812256,-0.6266811490058899,-0.37571753561496735,0.6776719301939,0.9925656360387795,1995-04-01
424,-2.3067298984527587,-2.1576633930206297,-1.3684237003326416,-0.9912815093994141,1.0223738551139832,1.4251025438308715,1.4350205087661745,1995-05-01
425,-4.379952907562256,-3.923694133758545,-2.3269139528274536,-1.3713356256484985,-0.8077583909034729,-0.3889968872070314,-0.33483062744140635,1995-06-01
426,-2.4065279722213746,-2.297915816307068,-1.6874549388885498,-1.2264013290405273,-0.8144135475158691,-0.6440116822719575,-0.6272398364543915,1995-07-01
427,-3.0475793838500973,-2.975529670715332,-2.4389742612838745,-1.1096711158752441,-0.8580843806266785,-0.09117851853370745,0.16613929629325813,1995-08-01
428,-4.536110982894897,-4.068017530441284,-2.149779796600342,-1.5628840923309326,-1.331235110759735,-0.3223818141967067,-0.029329181686044342,1995-09-01
429,-0.9807157158851624,-0.923408567905426,-0.7404124140739441,0.05156718194484711,0.583008274435997,2.159059071540831,2.593950753211974,1995-10-01
430,-1.6341422915458679,-1.603510320186615,-1.1364072859287262,-0.4267578125,0.3090161858126521,1.5047753632068623,1.8151286756992333,1995-11-01
431,-0.2958929909020662,-0.2090565625578165,0.34672180749475956,1.9851452112197876,2.803142547607422,3.136774754524231,3.1418162775039673,1995-12-01
432,-1.3086332535743714,-1.1212912678718565,-0.2278061844408512,0.15003257989883423,0.9836480766534805,2.1182594060897824,2.301831049919128,1996-01-01
433,-3.0408331358432767,-2.445426207780838,-0.4743359088897705,0.11727885901927948,0.31139831244945526,0.6986037701368328,0.8283894342184064,1996-02-01
434,-4.274951157569885,-3.827760624885559,-2.0264790654182434,-0.046236421912908554,0.5598440766334534,1.0055635094642634,1.1494352841377256,1996-03-01
435,-2.267191536426544,-2.1605912804603578,-1.7342867851257324,-0.6074995398521423,-0.33019447326660156,0.4483803331851954,0.6359276974201199,1996-04-01
436,-2.015283000469208,-1.9209031462669373,-1.2695219814777374,-0.5920277237892151,-0.013602718710899353,0.0921434417366981,0.11168190747499462,1996-05-01
437,-2.5325586462020873,-2.3624525785446164,-1.652767300605774,-1.2475008964538574,-0.6734996438026428,-0.3148559927940372,-0.21843994855880755,1996-06-01
438,-3.6325588035583496,-3.441161060333252,-2.3162272572517395,-1.178608775138855,-1.1417418718338013,-0.7338113307952885,-0.5944185161590578,1996-07-01
439,-4.318898220062256,-3.7627707481384274,-1.7260333895683289,-1.2459945678710938,-0.630915105342865,-0.35762966275215163,-0.30107786774635326,1996-08-01
440,-3.005516610145569,-2.8933095216751097,-2.2580248713493347,-1.198920488357544,-1.029772788286209,-0.8642453253269198,-0.8236303150653841,1996-09-01
441,-2.1479290080070497,-1.8623600363731385,-0.8867878913879395,-0.5400390625,0.24871483445167542,0.6055139720439909,0.6395924890041351,1996-10-01
442,0.12777253344655037,0.20782693997025492,0.6381520181894302,0.87109375,1.5444276332855225,2.2675133228302,2.3487896060943605,1996-11-01
443,-1.3080795812606811,-1.2242877721786498,-0.276631161570549,1.0774537324905396,1.2174745798110962,2.186618208885192,2.4906685590744013,1996-12-01
444,-1.9058676531910896,-1.48222389370203,0.40306905657052994,1.284690260887146,2.576575517654419,3.566282677650451,3.766991505622863,1997-01-01
445,-0.8922216129302979,-0.8369940280914306,-0.3240702226758003,0.09691020101308823,0.9797266721725464,1.7292885422706599,1.8827409672737119,1997-02-01
446,-2.1822100114822387,-2.180147385597229,-1.6894459128379822,-0.9907310009002686,0.059009917080402374,1.0121274232864375,1.233584504127502,1997-03-01
447,-2.6419032144546506,-2.2364325761795043,-1.023983120918274,-0.9509677290916443,-0.7986173033714294,-0.03752543032169409,0.19402835071086832,1997-04-01
448,-1.370516607761383,-1.3290358662605286,-1.1305592060089111,-0.9923662543296814,-0.17881381511688232,0.3441011905670164,0.40415463447570793,1997-05-01
449,-3.9449911451339723,-3.2490970373153685,-1.194812834262848,-0.7131444215774536,-0.15278178453445435,0.8397793531417841,1.0185519170761104,1997-06-01
450,-3.649968328475952,-3.498757314682007,-2.460110306739807,-1.576041579246521,-1.2666059732437134,-0.938505303859711,-0.8314510607719424,1997-07-01
451,-4.353738203048707,-3.983271551132202,-2.458292007446289,-1.995758056640625,-1.4222014546394348,-0.7909787178039556,-0.6480394935607913,1997-08-01
452,-2.770834608078003,-2.626740789413452,-1.8397215604782104,-1.4282302856445312,-0.363862507045269,-0.2152655854821205,-0.21258436709642411,1997-09-01
453,-1.3003909659385682,-1.2284949183464051,-0.757477730512619,-0.030471855774521828,0.2004786878824234,0.6176712960004804,0.7070401757955549,1997-10-01
454,-0.8707773599028586,-0.7089659735560416,0.09438400715589523,0.5761537551879883,0.9571689665317535,1.255059587955475,1.259605667591095,1997-11-01
455,-1.353287640810013,-1.1044909536838532,-0.031192466616630554,0.4208984375,0.6930719912052155,2.32469149827957,2.801123945713042,1997-12-01
456,-0.923850627541542,-0.7729513436555862,-0.33037449419498444,0.024880709126591682,0.6812964677810669,0.807470691204071,0.8217189574241638,1998-01-01
457,-2.342467312812805,-2.325840020179749,-1.8205664157867432,-0.661255955696106,0.5138847976922989,2.0300933659076676,2.5132259714603413,1998-02-01
458,-3.1897244310379027,-2.9234861612319945,-1.615717887878418,-1.0203126668930054,0.304398737847805,0.49964301586151116,0.5186786031723022,1998-03-01
459,-1.8435703229904177,-1.772500967979431,-1.2614242732524872,-0.589911162853241,0.7791981101036072,1.6021196842193604,1.6358605861663817,1998-04-01
460,-1.662247357368469,-1.5105003595352173,-0.9910804033279419,-0.8787088990211487,-0.1708037443459034,0.39872517064213703,0.5675088681280609,1998-05-01
461,-3.4107857871055605,-3.0473514437675475,-1.705743134021759,-1.0002048015594482,-0.6840884983539581,-0.4548584580421449,-0.41128419160842905,1998-06-01
462,-4.091991693973541,-3.497962391376495,-1.610023558139801,-1.298893928527832,-0.77552330493927,-0.27464785575866746,-0.11459239006042513,1998-07-01
463,-3.107299695014954,-3.096059250831604,-2.2745566964149475,-1.4765625,-0.4538631737232208,-0.12067495435476322,-0.05883205860853208,1998-08-01
464,-3.9878918623924253,-3.4765381693840025,-1.8504530787467957,-1.6338841915130615,-0.8378821611404419,-0.37833330035209695,-0.24554757475852995,1998-09-01
465,-2.041517014503479,-1.9716012239456178,-1.4927290678024292,-0.10499819368124008,0.11056049913167953,0.6375840961933132,0.7446888220310208,1998-10-01
466,-1.8118032039701937,-1.3331072635948658,0.07106913626194,0.1362038105726242,0.7201569378376007,1.7355413198471061,2.0192001295089717,1998-11-01
467,-0.6235979812592268,-0.45248711965978144,0.550518250092864,1.0964716672897339,1.2839171886444092,2.2408994674682607,2.537109642028808,1998-12-01
468,-3.0801909255981443,-2.3803075790405273,-0.3136192858219147,0.9136834740638733,2.601610779762268,3.1379359006881713,3.250485281944275,1999-01-01
469,-2.4155414128303527,-2.059735071659088,-0.8427066802978516,0.4423828125,0.811037003993988,2.3482115030288684,2.7599285554885857,1999-02-01
470,-1.7550597393512724,-1.4800516188144681,-0.5215894877910614,-0.1947532296180725,0.9280061982572079,2.2059368133544917,2.3367312240600584,1999-03-01
471,-1.7896824407577514,-1.7276561498641967,-1.534992516040802,-1.1259393692016602,-0.5668016076087952,0.5774926662445062,0.7865392589569088,1999-04-01
472,-1.2708864402770996,-1.2383261680603028,-1.0282519161701202,-0.8196538686752319,-0.49653512239456177,-0.2780378937721253,-0.2571700787544251,1999-05-01
473,-2.6102828741073605,-2.5482767820358276,-2.129536747932434,-1.8154032230377197,-0.7999944239854813,0.19507285654544787,0.35385832130908934,1999-06-01
474,-4.0620720052719115,-3.5225849866867067,-1.8308276534080505,-1.6793930530548096,-1.025129497051239,-0.3749734506011015,-0.18210720509290734,1999-07-01
475,-4.481748137474059,-4.061404871940613,-2.676972270011902,-1.8876953125,-1.009619116783142,-0.26244591102004083,-0.1486587314307692,1999-08-01
476,-3.1532244157791136,-3.0500280618667603,-2.3103432655334473,-1.4400869607925415,-1.171410858631134,-0.1894779413938531,0.11252247869968353,1999-09-01
477,-2.3418667936325073,-2.122427535057068,-1.4256935119628906,-0.7049654722213745,-0.43910281360149384,0.06869076788425396,0.23731417477130856,1999-10-01
478,-1.926643074154854,-1.5167383581399916,-0.20037376508116722,0.5104881525039673,0.8466690182685852,1.1471423864364623,1.2093099546432495,1999-11-01
479,0.14016314029693605,0.19885613918304446,0.5705413818359375,1.0454550981521606,1.6148752570152283,3.432649755477904,3.9864555644989,1999-12-01
480,-0.840914990901947,-0.7123874545097351,-0.2002846710383892,0.5461336374282837,1.0152941942214966,1.5365595459938046,1.6460546422004698,2000-01-01
481,-1.2058362007141112,-1.0882058143615723,-0.48608989268541336,-0.00971971731632948,1.0818238854408264,1.664475405216217,1.6779831814765929,2000-02-01
482,-1.682364501953125,-1.6436798095703125,-1.3831005096435547,0.48352283239364624,0.8278049528598785,1.5398501515388483,1.756569464206695,2000-03-01
483,-2.8616279673576352,-2.43321613073349,-1.0384842455387115,-0.6654030680656433,0.11078746616840363,0.7068035304546352,0.8288607060909269,2000-04-01
484,-1.8635406494140625,-1.8316731452941895,-1.5822072625160217,-0.9979092478752136,-0.6900888383388519,-0.372134304046631,-0.3220831108093263,2000-05-01
485,-2.2774788188934325,-2.2722083568573,-1.7989457845687866,-1.109499216079712,-0.402039110660553,-0.0007273256778721066,0.1334482848644254,2000-06-01
486,-2.6265998792648317,-2.486720061302185,-1.9632185101509094,-1.407256841659546,-0.8200231492519379,-0.7718791663646699,-0.7639788091182709,2000-07-01
487,-4.323099861145019,-3.84158878326416,-2.32162606716156,-1.3661226034164429,-0.8700441718101501,-0.11938702128827612,0.014791892841458043,2000-08-01
488,-2.1436689019203183,-2.045305073261261,-1.7017333507537842,-1.304019570350647,-0.36483681201934814,-0.10566135495901116,-0.07760239094495779,2000-09-01
489,-1.7495069193840027,-1.5632179617881774,-0.7934533953666687,-0.3737342655658722,-0.13707828521728516,0.21076830029487578,0.3117380774021146,2000-10-01
490,-0.754273054599762,-0.7511132836341858,-0.6536634862422943,0.04964733496308327,0.39054185152053833,1.4109521329402914,1.7484216773509973,2000-11-01
491,-1.1475650680065155,-1.1057214200496674,-0.6323229968547821,-0.2645646333694458,1.1972236633300781,3.4336991786956768,3.990208539962768,2000-12-01
492,-1.6888037991523743,-1.6252075791358946,-1.2386505007743835,0.4609375,0.99607053399086,1.3349531650543212,1.3719214153289794,2001-01-01
493,-2.58880480915308,-1.9839696481823919,-0.05300821736454964,0.2158203125,1.3629337549209595,3.33710582256317,3.875158896446227,2001-02-01
494,-2.230167486667633,-2.1408047795295717,-1.7699276804924011,-0.8089324235916138,0.5107403844594955,1.5456765294075003,1.7966353058814997,2001-03-01
495,-1.4551995730400085,-1.4349510550498963,-1.2403353452682495,0.06934857368469238,0.903990775346756,2.2014920949935903,2.6197938489913932,2001-04-01
496,-1.6492873477935792,-1.6229998111724853,-1.5242609977722168,-1.40109121799469,-0.3604106307029724,1.1249545335769646,1.3783987665176387,2001-05-01
497,-2.705384349822998,-2.6671690940856934,-2.4842406511306763,-1.7308298349380493,-1.0670745372772217,-0.09604003429412895,0.08391699314117393,2001-06-01
498,-3.4051498794555664,-3.1699478149414064,-2.34263813495636,-1.9127755165100098,-0.608658567070961,0.08535687029361669,0.2694151240587231,2001-07-01
499,-3.022512435913086,-2.8981809616088867,-2.192465126514435,-1.23046875,-0.388608455657959,0.14818295538425397,0.3146065646409985,2001-08-01
500,-3.7938634634017943,-3.3003824949264526,-1.3296360969543457,-0.7073349952697754,-0.0888577252626419,1.3900414615869507,1.8163974028825751,2001-09-01
501,-0.9432800304889679,-0.9305841982364655,-0.7891370058059692,-0.33334168791770935,0.3470581565052271,1.0115101933479307,1.106228220462799,2001-10-01
502,-2.958833701610565,-2.498695409297943,-1.1256759762763977,-1.038580060005188,0.4551148861646652,1.5999627470970148,1.7578697276115416,2001-11-01
503,-1.2593542033433915,-1.024631467461586,-0.10271871834993362,0.42112767696380615,0.9336161315441132,2.474446845054625,2.894592013359069,2001-12-01
504,-3.483833723068237,-3.2206145763397216,-1.463653102517128,0.0247957780957222,0.6262263655662537,1.6696458458900445,1.9131299138069147,2002-01-01
505,-1.924896411895752,-1.6936964035034179,-0.8137332201004028,-0.47350236773490906,-0.2451883889734745,0.1393901623785494,0.20600303247570978,2002-02-01
506,-1.997830786705017,-1.8309508085250854,-0.9924910664558411,0.46020427346229553,0.7319146692752838,1.720944118499755,2.009307994842529,2002-03-01
507,-2.4518911170959474,-2.440407657623291,-1.4994440078735352,0.05208227410912514,0.7516878396272659,1.7147974610328671,1.851388733386993,2002-04-01
508,-1.6484517550468445,-1.623227345943451,-1.1428236961364746,-0.6566884517669678,-0.014511138200759888,0.8740959167480463,1.0699913024902339,2002-05-01
509,-1.5131145071983336,-1.4431150317192076,-1.1993569731712341,-0.9940343499183655,-0.6091495752334595,0.45561990141868514,0.7184677302837367,2002-06-01
510,-3.7005774450302122,-3.4311527967453,-2.564929723739624,-2.4828832149505615,-0.719936728477478,-0.13652831315994304,0.0016005873680111846,2002-07-01
511,-2.1397545099258424,-2.0398885011672974,-1.6613940000534058,-0.9053404331207275,-0.31269314885139465,0.002253648638725028,0.08873197972774488,2002-08-01
512,-2.76357572555542,-2.6404780387878417,-2.082106590270996,-1.791015625,-1.294587790966034,-0.32760408520698603,-0.1393189489841465,2002-09-01
513,-1.9936438512802124,-1.8012842893600463,-1.0194627940654755,-0.6730173826217651,-0.3490738719701767,0.17664820849895435,0.32962402284145326,2002-10-01
514,0.012475173845887203,0.09726456888020041,0.36781327426433563,0.5732051730155945,1.2760709524154663,1.5817816019058226,1.6130375337600706,2002-11-01
515,-1.0355053818225861,-0.995538192987442,-0.555621787905693,0.1800791174173355,0.7290199249982834,1.7762766361236566,2.0384107685089106,2002-12-01
516,-0.742729845046997,-0.7035343170166015,-0.20267082005739212,0.384765625,1.3247599601745605,1.8366028070449827,1.9100032091140746,2003-01-01
517,-3.195664691925049,-2.9098925590515137,-1.2955403327941895,-0.11897420883178711,0.5955313444137573,0.9815694570541382,1.0020361280441283,2003-02-01
518,-2.004112992286682,-1.7392663240432737,-0.9462773501873016,-0.1734001338481903,0.4319186881184578,0.948427766561508,1.0316073596477506,2003-03-01
519,-1.4653827881813049,-1.4058953404426575,-0.902406632900238,-0.34022921323776245,0.36740055680274963,0.784253042936325,0.789154418706894,2003-04-01
520,-2.518716673851013,-2.273578906059265,-1.410319745540619,-1.0570275783538818,-0.5681459903717041,0.7740255653858173,1.1821975958347313,2003-05-01
521,-2.6792173385620117,-2.61385440826416,-2.333094358444214,-1.9705452919006348,-1.1473609805107117,-0.6298841774463658,-0.4795498239994052,2003-06-01
522,-2.7944051218032837,-2.664963459968567,-1.987672746181488,-0.891510546207428,-0.33066368103027344,0.4511117875576016,0.5622519004344938,2003-07-01
523,-2.962874698638916,-2.8346076011657715,-2.261100172996521,-1.76171875,-1.1936439871788025,-0.7356875300407414,-0.5962240767478946,2003-08-01
524,-1.7576204824447632,-1.7237603902816772,-1.6188428401947021,-1.4384765625,-1.0474229753017426,-0.13052786514163073,0.05579177513718567,2003-09-01
525,-1.7593604350090026,-1.6831003546714782,-0.9249115437269211,-0.3638164699077606,-0.051019057631492615,0.23389786481857294,0.25459207296371456,2003-10-01
526,-1.8820015838742257,-1.4627756729722021,0.07141680270433426,0.4169921875,1.5161496102809906,3.118896269798278,3.4434674787521353,2003-11-01
527,-2.5687820827960968,-1.8528959333896637,0.6122453212738037,1.4691038131713867,1.9035730361938477,2.4919858932495114,2.5875024032592773,2003-12-01
528,-0.33051846504211424,-0.3075208902359009,-0.01813797652721405,0.8657785058021545,1.052563488483429,1.386862814426422,1.4773725628852843,2004-01-01
529,-2.0642277228832246,-1.7376501500606536,-0.5124376192688942,1.1621066331863403,1.459566593170166,2.185758745670318,2.3863704991340633,2004-02-01
530,-2.528561358451843,-2.4486968755722045,-1.6839596629142761,-1.1457083225250244,-0.1873614639043808,1.1964818716049181,1.636168513298034,2004-03-01
531,-1.6672162628173828,-1.663962650299072,-1.3255548477172852,-0.21933291852474213,0.03501339256763458,0.34112958908081037,0.38409276962280264,2004-04-01
532,-1.3226120495796205,-1.2439830422401428,-0.8893895447254181,-0.7518441081047058,-0.32033953443169594,1.3757891096174704,1.8757609255611887,2004-05-01
533,-3.124653739929199,-2.944905853271484,-1.9610663652420044,-1.1795893907546997,-0.9158225655555725,-0.01501326560974195,0.23684109687805127,2004-06-01
534,-3.5284488201141357,-3.466707944869995,-3.2277348041534424,-1.3982239961624146,-0.8648134768009186,0.00195710062980603,0.16679767012596095,2004-07-01
535,-3.9694526481628416,-3.5437697410583495,-2.126554787158966,-1.579588532447815,-1.1200794577598572,-0.8501657843589783,-0.8389984965324402,2004-08-01
536,-3.4359493494033813,-3.314566731452942,-2.73180091381073,-1.739006519317627,-0.3211863040924072,0.2258308976888653,0.34403638541698434,2004-09-01
537,-2.449253644943237,-2.2486390590667726,-1.4979647994041443,-0.09238901734352112,0.22857299633324146,0.6553870141506193,0.7154524028301238,2004-10-01
538,-0.3094072508811951,-0.22577329874038696,0.5279580503702164,1.2474650144577026,1.4774044156074524,1.6788629770278929,1.714498505592346,2004-11-01
539,-0.1069014474749565,-0.03690310567617415,0.25265877693891525,0.684368371963501,1.534635841846466,2.060331809520721,2.207378861904144,2004-12-01
540,-0.8006670904159545,-0.636441683769226,-0.15181749314069748,0.15817469358444214,1.0841549634933472,1.2512287974357603,1.2740831351280213,2005-01-01
541,-2.0659361925721167,-1.475648446381092,0.31051207333803177,0.6942799687385559,1.1413930654525757,1.717118394374847,1.8877352976799007,2005-02-01
542,-1.257544138431549,-1.2141881108283996,-1.0523138046264648,-0.3777642548084259,0.4505721516907215,1.877089524269103,2.169100575447082,2005-03-01
543,-2.1150410842895506,-2.0806108474731446,-1.8446032404899597,-1.6645368337631226,-1.131178855895996,-0.6262905359268188,-0.6182268571853637,2005-04-01
544,-3.003252873420715,-2.7401794672012327,-1.597409725189209,-0.9435428977012634,-0.6356901228427887,-0.17754736989736583,-0.09042968243360537,2005-05-01
545,-3.2259019804000855,-2.966335272789001,-1.8663915991783142,-1.5113046169281006,-1.1477769017219543,-0.3269744992256172,-0.06617614984512384,2005-06-01
546,-3.878804225921631,-3.586016750335693,-2.189799189567566,-1.5014113187789917,-0.24317355500534177,0.35129297049716074,0.47609546238556477,2005-07-01
547,-2.5933308601379395,-2.5344624519348145,-2.219654679298401,-1.7328402996063232,-1.3198870420455933,-1.0027800321578981,-0.9484445714950563,2005-08-01
548,-3.604520778656006,-3.5820034980773925,-2.6495625376701355,-1.7757779359817505,-0.567048192024231,0.4086909413337698,0.7225858712196344,2005-09-01
549,-2.08895676612854,-1.9266973972320556,-1.4474235773086548,-1.424901008605957,0.524104967713356,0.6737467944622039,0.7041387975215911,2005-10-01
550,-0.3355663281679153,-0.21872293055057523,0.21685756742954254,0.770050585269928,0.991788387298584,1.4759577631950376,1.6119951987266539,2005-11-01
551,-1.3317381641268728,-1.0343769893050192,0.13564776629209518,0.5280420780181885,0.8820123076438904,2.381302791833876,2.8934480583667743,2005-12-01
552,-0.8694554650783538,-0.7068151652812957,0.21894538402557373,0.6995614767074585,1.1014047265052795,1.8547762274742121,1.9850177454948423,2006-01-01
553,-1.8160044026374815,-1.4198700547218321,-0.09087154269218445,0.3178982734680176,0.6526478826999664,1.8721044480800617,2.2892646396160115,2006-02-01
554,-2.4083313703536984,-2.1705325841903687,-1.4458730816841125,-0.3957922160625458,-0.011315129697322845,0.2640341341495511,0.3478636944293974,2006-03-01
555,-0.73034947514534,-0.724743515253067,-0.4045789986848831,-0.020464744418859482,0.24495329149067402,1.326542726159095,1.6309335452318185,2006-04-01
556,-2.146983919143677,-2.0104675769805906,-1.593733549118042,-1.4059793949127197,-0.7991996705532074,0.26390765905380154,0.5754377818107599,2006-05-01
557,-2.254892191886902,-2.1913253545761107,-2.004932999610901,-1.516391396522522,-0.8566187620162964,-0.6709309339523316,-0.6578840398788453,2006-06-01
558,-2.440746178627014,-2.3553927659988405,-2.04567950963974,-1.8310309648513794,-1.0358446538448334,-0.4161824107170107,-0.34531138181686416,2006-07-01
559,-3.8814128351211545,-3.4137999773025514,-1.910544514656067,-1.2411624193191528,-0.5855714231729507,-0.15114262998104122,-0.05600977599620839,2006-08-01
560,-3.305816941261291,-3.1109090089797973,-2.160999894142151,-1.619915246963501,-1.2955237030982971,-0.6298995018005378,-0.4178853988647465,2006-09-01
561,-2.1084928274154664,-1.8672665357589722,-1.0196300446987152,-0.7236566543579102,-0.31471943855285645,0.3477987647056574,0.5373565554618831,2006-10-01
562,-1.3546215772628785,-1.3061355352401733,-0.677876740694046,0.4141494631767273,0.6170672923326492,0.9077546715736386,0.9635821843147276,2006-11-01
563,-0.2111021474003792,-0.18414292484521866,0.3261503204703331,0.7901349663734436,2.4716098308563232,2.763904047012329,2.82207745552063,2006-12-01
564,-1.035863300561905,-0.9972986996173858,-0.36916711926460266,0.15613949298858643,2.552707850933075,3.320427083969116,3.351033048629761,2007-01-01
565,-0.9203564405441285,-0.831853985786438,-0.32095782458782196,0.014516388066112995,1.0315651297569275,1.879952931404113,2.124396615028381,2007-02-01
566,-1.419786581993103,-1.3320996046066282,-0.877274215221405,-0.6344648599624634,0.09443551301956177,1.1588556766510005,1.2763023853302,2007-03-01
567,-2.569093086719513,-2.3663222908973696,-1.7040528655052185,-0.9939953684806824,-0.25784553587436676,0.009294764697551576,0.0600261840224265,2007-04-01
568,-2.6927929854393002,-2.453843581676483,-1.1455437541007996,-0.45107337832450867,-0.2418388556689024,0.05906828902661789,0.09824216894805424,2007-05-01
569,-2.206161632537842,-2.164798450469971,-1.742615282535553,-1.1267154216766357,-0.8484914898872375,-0.5347459644079209,-0.4947615450620652,2007-06-01
570,-2.7625701808929444,-2.73476881980896,-2.4725186824798584,-0.8762636780738831,-0.29909882694482803,0.32509792596101744,0.3767383351922034,2007-07-01
571,-3.1541175508499144,-3.0347088098526,-2.6359810829162598,-1.7109375,-1.4451082348823547,-1.147762215137482,-1.0481047463417055,2007-08-01
572,-2.633768610954285,-2.503963255882263,-1.900903344154358,-0.9968078136444092,-0.6590807735919952,0.4522989511489859,0.7633996629714959,2007-09-01
573,-1.9252908325195313,-1.785673427581787,-0.9257811605930328,-0.426281213760376,-0.001825571060180664,0.059299434721469854,0.06581552535295486,2007-10-01
574,-0.8716701757162808,-0.654870158061385,-0.017127761617302895,0.41284260153770447,1.0044238567352295,2.144683361053466,2.3982369422912595,2007-11-01
575,-0.25345752537250515,-0.14312829077243802,0.2531764507293701,1.0281413793563843,2.0805931091308594,2.703423690795898,2.774843063354492,2007-12-01
576,-1.3253798460960389,-1.197528827190399,-0.8212811052799225,-0.3140620291233063,1.3427888751029968,2.409402561187743,2.7583629035949704,2008-01-01
577,-1.4740777897834778,-1.1927141785621642,-0.34332555532455444,-0.30321985483169556,0.5465958118438721,1.4320306062698358,1.640210137367248,2008-02-01
578,-1.5395188784599305,-1.4882085204124451,-0.8517151027917862,-0.3132214844226837,0.5308870077133179,1.8286548137664786,2.077857694625854,2008-03-01
579,-1.2862292683124543,-1.1294748365879057,-0.6222048401832581,0.3891909420490265,0.9677025079727173,1.1990203022956847,1.2173674416542053,2008-04-01
580,-2.1704070830345157,-2.0921419978141786,-1.706883728504181,-1.0390625,-0.5199325159192085,0.6467328384518615,0.9435553613305085,2008-05-01
581,-2.786805090904236,-2.6989104032516478,-2.061715543270111,-0.8932273387908936,-0.4743524342775345,-0.3488222628831864,-0.31429570257663736,2008-06-01
582,-3.1558963394165036,-3.0460298538208006,-2.295257031917572,-1.2052592039108276,-1.0009819865226746,-0.12287192642688821,0.11021624982356976,2008-07-01
583,-3.3823874235153197,-3.183742880821228,-2.464413285255432,-2.2630770206451416,-0.7789413258433342,0.2790782138705252,0.31519064277410497,2008-08-01
584,-2.101980273723602,-2.0223153471946715,-1.571879804134369,-1.3073879480361938,-0.7624362707138062,-0.42184405326843266,-0.40390006065368655,2008-09-01
585,-2.5103880834579466,-2.175294375419617,-0.9699128270149231,-0.4164133071899414,0.3694080337882042,1.3638412952423091,1.5110495090484615,2008-10-01
586,-1.9941157090663908,-1.6684230506420135,-0.2946811616420746,0.959625780582428,1.2990469336509705,1.429722237586975,1.4617256975173951,2008-11-01
587,-4.085845806598663,-3.435668241977692,-1.459250271320343,-0.9992445707321167,0.3803539499640465,1.0528716444969173,1.212293708324432,2008-12-01
588,-2.392474398612976,-2.1190635442733763,-1.0609018206596375,0.095703125,1.0303241908550262,2.6855113625526417,3.113642647266387,2009-01-01
589,-1.4092018312215804,-1.1319466561079026,-0.1519116647541523,0.0750688910484314,0.1845080442726612,0.3537244915962218,0.375157573223114,2009-02-01
590,-1.8701556396484376,-1.6451898574829102,-0.6999156922101974,-0.2666015625,-0.1980045735836029,0.40939767807722033,0.6074941310286517,2009-03-01
591,-2.162051432132721,-1.9421016812324525,-0.987252414226532,-0.3356761336326599,0.8441884517669678,2.0922611594200125,2.414545981884002,2009-04-01
592,-1.9811870789527892,-1.958551037311554,-1.589977741241455,-0.9716796875,-0.4700953960418701,0.25351357758045145,0.4144683128595349,2009-05-01
593,-2.9745702266693117,-2.847405195236206,-2.2964528799057007,-2.10477614402771,-1.2846858501434326,-0.7013659715652469,-0.5621481943130496,2009-06-01
594,-2.415003247261047,-2.280824875831604,-1.7235244512557983,-1.23828125,-0.9771111011505127,-0.029420617222786882,0.2799450629949563,2009-07-01
595,-3.0861855649948122,-3.0386148214340207,-2.242689073085785,-1.0485085248947144,-0.6087598204612732,1.1721085429191576,1.6801127219200123,2009-08-01
596,-3.9475243377685545,-3.553684616088867,-2.3907896280288696,-1.8617879152297974,-1.3053093552589417,-0.09408423900604351,0.26008940219879073,2009-09-01
597,-1.849227740764618,-1.8152223944664,-1.313370943069458,-0.7380845546722412,-0.2143164426088333,-0.01273045241832739,0.006828909516334494,2009-10-01
598,-1.9946822082996367,-1.5775532305240632,-0.28545571863651276,0.3034929633140564,0.7137967646121979,1.4628889203071591,1.600165121555328,2009-11-01
599,-0.4396629184484482,-0.36633507907390594,-0.05172642879188061,0.56640625,1.3187160789966583,2.945593845844268,3.2913803124427785,2009-12-01
600,-2.781473239660263,-2.303798121213913,-0.5674734264612198,0.9784008860588074,1.573253571987152,2.9801254630088794,3.329888350963592,2010-01-01
601,-1.1999364590644834,-1.0950397133827208,-0.6383475512266159,-0.2672373950481415,0.12657111044973135,0.6675248920917507,0.8066584265232084,2010-02-01
602,-1.6969719183444976,-1.4374285995960234,-0.5762500762939453,0.912109375,1.1377533078193665,2.357566761970519,2.701454911231994,2010-03-01
603,-2.0901030826568605,-2.0872541904449466,-1.7915995717048645,-0.8515625,0.24209970235824585,0.8685552477836609,0.8829434752464295,2010-04-01
604,-1.8101894783973693,-1.7814161419868468,-1.6693724989891052,-1.3961470127105713,-0.6606830358505249,-0.20715745091438315,-0.14196817040443432,2010-05-01
605,-3.0947899675369266,-3.077781128883362,-2.3184717297554016,-1.3537662029266357,-0.7915714383125305,0.11090946793556139,0.3526506435871119,2010-06-01
606,-3.0196445655822752,-2.9968186378479,-2.4678573608398438,-1.4240317344665527,-0.6370029449462891,0.5888894319534294,0.8714863443374627,2010-07-01
607,-3.292573528289795,-2.853078746795654,-1.5685558915138245,-1.2182694673538208,0.2546432912349701,0.7255740582942962,0.7652431571483611,2010-08-01
608,-2.823397219181061,-2.4265840649604797,-1.1394889950752258,-0.9038972854614258,-0.7100454270839691,-0.40682933628559137,-0.3349341112375261,2010-09-01
609,-2.524982988834381,-2.3274057507514954,-1.6942467093467712,-1.0302734375,-0.06457595899701118,0.11922387704253187,0.14785579130053514,2010-10-01
610,-2.2684119582176208,-2.0691115260124207,-1.261639416217804,-0.7451171875,-0.24142957478761673,1.675476910173891,2.3052434685826286,2010-11-01
611,-0.4865386754274368,-0.39085473120212555,0.09186005592346191,0.3784647583961487,1.3497344255447388,2.207937288284301,2.4579389667510982,2010-12-01
612,-0.5601710295677184,-0.21127365827560418,0.8240702748298645,0.8601594567298889,1.1613313853740692,1.5793679714202877,1.6619907093048094,2011-01-01
613,-1.553990557193756,-1.5472965359687805,-1.2048243880271912,0.43066465854644775,1.2673521041870117,1.5098826646804806,1.5925466012954712,2011-02-01
614,-1.2957573664188384,-1.213446980714798,-0.9402293860912323,-0.4274267256259918,0.07203520834445953,1.438707208633422,1.7481612873077386,2011-03-01
615,-0.9544957673549652,-0.9195370852947234,-0.617654412984848,-0.2798492908477783,-0.1709618717432022,0.029539606720209024,0.06277015045285218,2011-04-01
616,-2.5213527822494504,-2.456107211112976,-1.7363576889038086,-0.6644535660743713,0.5852642804384232,1.118506097793579,1.1534447956085203,2011-05-01
617,-2.91296407699585,-2.7121544837951657,-1.8198482990264893,-1.315901756286621,-1.084902822971344,0.09413229227065922,0.49304520845413125,2011-06-01
618,-3.865386242866516,-3.432326531410217,-2.135929226875305,-1.8993481397628784,-0.2519840896129608,0.3528285622596739,0.4028162121772765,2011-07-01
619,-4.121832823753357,-3.696459650993347,-2.1531240344047546,-1.7883102893829346,-1.576865553855896,-0.3691586196422589,0.03577516198158179,2011-08-01
620,-4.084297206401825,-3.539516580104828,-1.7469982504844666,-1.199294924736023,-0.6100777983665466,0.05725459754466969,0.19675081670284242,2011-09-01
621,-1.719559624195099,-1.7163703560829164,-1.5843616724014282,-1.0716294050216675,-0.3836985230445862,0.5372309744358059,0.6303530228137968,2011-10-01
622,-1.063078795671463,-0.9594703257083893,-0.319889304228127,0.12892791628837585,0.1970188170671463,1.7168956965208038,2.2347327464818947,2011-11-01
623,-0.11797423928976059,-0.04700335711240767,0.1860242411494255,0.8762614130973816,1.5864591598510742,1.804381251335144,1.811284613609314,2011-12-01
624,-1.8583442497253417,-1.5342411041259765,-0.1845223680138588,0.49134641885757446,0.6336415410041809,2.3368548750877367,2.905127704143523,2012-01-01
625,-2.9658118510246276,-2.69642413854599,-0.9571107648080215,0.04736744612455368,1.0757431089878082,2.077106988430023,2.257608897686004,2012-02-01
626,-2.082495632171631,-2.080873203277588,-1.1908748894929886,-0.18816936016082764,-0.05726897157728672,0.2846122618764636,0.38973495237529254,2012-03-01
627,-1.4922241139411925,-1.4888257622718812,-1.3221400380134583,-0.9097068905830383,-0.5106331706047058,0.36246027946472115,0.548273305892944,2012-04-01
628,-1.2420041251182556,-1.1722317576408385,-0.9361660778522491,-0.6280220150947571,0.2810472398996353,0.8733188688755034,0.9343496239185333,2012-05-01
629,-3.2196572160720827,-3.00675528049469,-2.2707470655441284,-1.695767879486084,-1.4916532039642334,-0.48427178859710784,-0.17966685771942204,2012-06-01
630,-4.26958167552948,-3.701961874961853,-1.6405502557754517,-1.2048143148422241,-0.8231284916400909,-0.6135915815830232,-0.5678274452686312,2012-07-01
631,-4.029514741897583,-3.7138426303863525,-2.529652714729309,-1.5469754934310913,-0.888799250125885,-0.6894988954067232,-0.6332645881175996,2012-08-01
632,-3.017642641067505,-2.820103883743286,-2.0028339624404907,-1.6873406171798706,-1.3727982640266418,-0.9876730263233187,-0.9135174715518953,2012-09-01
633,-1.3832759070396423,-1.3314166903495788,-0.9483985602855682,-0.19869902729988098,0.4637289345264435,0.914703059196472,0.9474951601028442,2012-10-01
634,-1.8233334660530092,-1.6661787629127502,-0.9489211440086365,0.00811345037072897,0.8997759222984314,1.1104411542415618,1.1509944808483124,2012-11-01
635,-0.9681936502456665,-0.8873318433761597,-0.4757862836122513,0.5929991602897644,1.2628352344036102,4.1039292812347385,4.88018717765808,2012-12-01
636,-0.33837146118283273,-0.2691391386091709,0.09595606103539467,0.4073469042778015,1.107879400253296,1.5488139629364013,1.6529596614837643,2013-01-01
637,-0.9515679168701172,-0.8981462955474853,-0.6759335100650787,0.146484375,0.7341689020395279,1.4396533966064449,1.5942470550537107,2013-02-01
638,-2.788553109169006,-2.6453154802322385,-1.999194860458374,-1.398333191871643,0.3597969114780426,1.2341810703277585,1.3053809452056884,2013-03-01
639,-2.287984035015106,-2.026731240749359,-0.8227345198392868,-0.006483141798526049,0.6991573125123978,1.464825892448425,1.539819769859314,2013-04-01
640,-3.285279040336609,-3.0984008550643924,-2.142567276954651,-0.7578125,-0.5301473140716553,0.1238524496555324,0.275082103013992,2013-05-01
641,-3.1662410449981686,-3.0186499118804933,-1.8233680129051208,-1.0026919841766357,-0.7031838893890381,-0.36202529668808003,-0.29362593412399307,2013-06-01
642,-1.646078531742096,-1.6079756855964662,-1.4411139488220215,-1.2438656091690063,-0.6438513696193695,-0.12969350181520006,-0.0629991310089828,2013-07-01
643,-3.927935178279877,-3.3958690524101254,-1.8023675084114075,-1.6901228427886963,-1.4432583451271057,-0.6653535127639777,-0.45728945255279585,2013-08-01
644,-4.146183061599731,-3.7318594455718994,-1.9600871205329895,-0.9509334564208984,-0.8877185583114624,-0.06992443203926169,0.2024213635921473,2013-09-01
645,-1.6337323546409608,-1.5402643084526062,-1.1907069087028503,-0.6735681891441345,0.062298089265823364,1.2100348830223078,1.3795069766044612,2013-10-01
646,-1.6366293969750405,-1.265222580730915,-0.10634254477918148,0.103515625,0.24021035432815552,2.3833718210458734,3.114355753064154,2013-11-01
647,-1.3108257615566252,-1.1400663077831268,-0.52178093791008,-0.3939584791660309,-0.034398823976516724,1.350621086359023,1.7156192505359642,2013-12-01
648,-1.7924112868309021,-1.752357280254364,-0.8672782182693481,0.24027112126350403,0.8621183037757874,1.7347309112548825,1.8352274322509765,2014-01-01
649,-2.131971433162689,-1.8940080523490905,-0.9026882648468018,-0.32000359892845154,0.7973289787769318,1.0797456741333007,1.1550116348266601,2014-02-01
650,-1.503668293952942,-1.2914304018020628,-0.45831410586833954,0.1396484375,0.6918795704841614,0.865883594751358,0.8678075325489044,2014-03-01
651,-1.676042730808258,-1.5858701825141908,-1.2340505123138428,-0.4299013018608093,-0.24549216777086258,0.9737032160162914,1.3791156432032576,2014-04-01
652,-2.625989484786987,-2.461850881576538,-1.6888579726219177,-0.5245113968849182,0.050043053925037384,0.2095768883824347,0.2514692631363868,2014-05-01
653,-3.8744261789321897,-3.2584243059158324,-1.1568370759487152,-0.7085713744163513,-0.39248955249786377,0.0223139792680737,0.1372752958536146,2014-06-01
654,-3.032283229827881,-2.8497315406799313,-1.8895912766456604,-1.2399722337722778,-0.23468611389398575,0.07073432654142356,0.1524281153082846,2014-07-01
655,-4.292381267547608,-3.826459789276123,-2.313621401786804,-0.9163642525672913,-0.5679475963115692,0.009680002927779596,0.19646725058555564,2014-08-01
656,-3.0581051635742185,-2.8616193771362304,-2.0778077840805054,-1.8227232694625854,-0.7646470665931702,0.168741855025291,0.3270426338911053,2014-09-01
657,-1.4406236147880556,-1.3266279578208924,-0.8661854863166809,-0.6387996077537537,-0.304005965590477,-0.17912201136350642,-0.14449169248342522,2014-10-01
658,-1.8961255073547363,-1.8485326766967773,-1.437158226966858,0.25704634189605713,0.9698165059089661,1.3979359984397886,1.4660676264762875,2014-11-01
659,-1.4115912690758705,-1.0949674919247625,0.014155074954032898,0.31073832511901855,1.241757720708847,1.7423483967781066,1.7820634293556212,2014-12-01
